5508,0.7,0.6000000000000001,0.0006570102745160622,2018-10-23,3.1699999999999875
2992,0.0,0.0,0.0,2018-10-23,3.1699999999999875
40,0.0,0.0,0.0,2018-10-23,3.1699999999999875
7261,0.0,0.0,0.0,2018-10-23,3.1699999999999875
602,0.0,0.0,0.0,2018-10-23,3.1699999999999875
679,0.30833333333333335,0.4,2.378368711407798e-05,2018-10-23,3.1699999999999875
943,0.0,0.0,0.0,2018-10-23,3.1699999999999875
520,0.0,0.0,0.0,2018-10-23,3.1699999999999875
102,0.0,0.0,0.0,2018-10-23,3.1699999999999875
595,0.0,0.0,0.0,2018-10-23,3.1699999999999875
32,0.0,0.0,0.0,2018-10-23,3.1699999999999875
412,0.0,0.0,0.0,2018-10-23,3.1699999999999875
139,0.0,0.0,0.0,2018-10-23,3.1699999999999875
69,0.0,0.0,0.0,2018-10-23,3.1699999999999875
120,0.0,0.0,0.0,2018-10-23,3.1699999999999875
58,0.0,0.0,0.0,2018-10-23,3.1699999999999875
161,0.0,0.0,0.0,2018-10-23,3.1699999999999875
128,0.0,0.0,0.0,2018-10-23,3.1699999999999875
923,0.0,0.0,0.0,2018-10-23,3.1699999999999875
390,0.0,0.0,0.0,2018-10-23,3.1699999999999875
158,0.0,0.0,0.0,2018-10-23,3.1699999999999875
80,0.0,0.0,0.0,2018-10-23,3.1699999999999875
2221,0.5,0.5,0.00015769484858605814,2018-10-23,3.1699999999999875
1131,0.0,0.0,0.0,2018-10-23,3.1699999999999875
233,0.346875,0.4333333333333333,9.946721502468084e-06,2018-10-23,3.1699999999999875
1946,0.0,0.0,0.0,2018-10-23,3.1699999999999875
697,0.0,0.0,0.0,2018-10-23,3.1699999999999875
35,0.24375000000000002,0.71875,1.741483907642706e-06,2018-10-23,3.1699999999999875
158,0.0,0.0,0.0,2018-10-23,3.1699999999999875
147,0.0,0.0,0.0,2018-10-23,3.1699999999999875
94,0.0,0.0,0.0,2018-10-23,3.1699999999999875
389,0.0,0.0,0.0,2018-10-23,3.1699999999999875
277,0.0,0.0,0.0,2018-10-23,3.1699999999999875
10,0.0,0.0,0.0,2018-10-23,3.1699999999999875
305,-0.1,0.35,-3.0317739912763086e-06,2018-10-23,3.1699999999999875
3876,-0.25,0.25,-6.880067909945536e-05,2018-10-23,3.1699999999999875
72,0.0,0.0,0.0,2018-10-23,3.1699999999999875
695,0.0,0.0,0.0,2018-10-23,3.1699999999999875
0,0.18522727272727274,0.4,0.0,2018-10-23,3.1699999999999875
102,0.0,0.0,0.0,2018-10-23,3.1699999999999875
1165,0.0,0.0,0.0,2018-10-23,3.1699999999999875
25,0.0,0.0,0.0,2018-10-23,3.1699999999999875
75,0.0,0.0,0.0,2018-10-23,3.1699999999999875
235,0.0,0.0,0.0,2018-10-23,3.1699999999999875
89,0.0,0.0,0.0,2018-10-23,3.1699999999999875
243,0.0,0.0,0.0,2018-10-23,3.1699999999999875
56,0.0,0.0,0.0,2018-10-23,3.1699999999999875
925,0.0,0.0,0.0,2018-10-23,3.1699999999999875
10321,-0.2,0.0,-0.0,2018-10-23,3.1699999999999875
620,0.21212121212121213,0.4515151515151515,1.6864639318015052e-05,2018-10-23,3.1699999999999875
633,0.16666666666666666,0.5476190476190476,1.640816235046719e-05,2018-10-23,3.1699999999999875
129,0.0,0.0,0.0,2018-10-23,3.1699999999999875
62,0.0,0.0,0.0,2018-10-23,3.1699999999999875
251,0.0,0.0,0.0,2018-10-23,3.1699999999999875
83,0.0,0.0,0.0,2018-10-23,3.1699999999999875
2558,0.0,0.0,0.0,2018-10-23,3.1699999999999875
224,0.2833333333333333,0.9629629629629629,1.735738163635382e-05,2018-10-23,3.1699999999999875
356,0.0,0.0,0.0,2018-10-23,3.1699999999999875
279,0.0,0.0,0.0,2018-10-23,3.1699999999999875
110,0.13636363636363635,0.45454545454545453,1.936410895002965e-06,2018-10-23,3.1699999999999875
4125,0.13636363636363635,0.45454545454545453,7.261540856261119e-05,2018-10-23,3.1699999999999875
49,0.0,0.0,0.0,2018-10-23,3.1699999999999875
399,0.0,0.0,0.0,2018-10-23,3.1699999999999875
264,0.0,0.0,0.0,2018-10-23,3.1699999999999875
87,0.0,0.0,0.0,2018-10-23,3.1699999999999875
45,0.0,0.0,0.0,2018-10-23,3.1699999999999875
509,0.0,0.0,0.0,2018-10-23,3.1699999999999875
481,-1.0,1.0,-0.00013660733393947586,2018-10-23,3.1699999999999875
110,0.0,0.0,0.0,2018-10-23,3.1699999999999875
154,0.0,0.0,0.0,2018-10-23,3.1699999999999875
57,0.0,0.0,0.0,2018-10-23,3.1699999999999875
218,0.0,0.0,0.0,2018-10-23,3.1699999999999875
1605,0.675,0.475,0.00014615085435171066,2018-10-23,3.1699999999999875
442,0.0,0.0,0.0,2018-10-23,3.1699999999999875
564,0.0,0.0,0.0,2018-10-23,3.1699999999999875
26,0.0,0.0,0.0,2018-10-23,3.1699999999999875
120,0.125,0.4,1.7040415876026094e-06,2018-10-23,3.1699999999999875
72,0.0,0.0,0.0,2018-10-23,3.1699999999999875
956,0.0,0.0,0.0,2018-10-23,3.1699999999999875
180,0.5,1.0,2.556062381403914e-05,2018-10-23,3.1699999999999875
1537,0.0,0.0,0.0,2018-10-23,3.1699999999999875
22,0.0,0.0,0.0,2018-10-23,3.1699999999999875
77,0.0,0.0,0.0,2018-10-23,3.1699999999999875
334,0.0,0.0,0.0,2018-10-23,3.1699999999999875
80,0.0,0.0,0.0,2018-10-23,3.1699999999999875
96,0.0,0.0,0.0,2018-10-23,3.1699999999999875
71,0.0,0.0,0.0,2018-10-23,3.1699999999999875
734,0.5541666666666667,0.39444444444444443,4.5567084484609866e-05,2018-10-23,3.1699999999999875
417,0.0,0.0,0.0,2018-10-23,3.1699999999999875
1514,0.0,0.0,0.0,2018-10-23,3.1699999999999875
409,0.0,0.0,0.0,2018-10-23,3.1699999999999875
21,0.0,0.0,0.0,2018-10-23,3.1699999999999875
188,0.0,0.0,0.0,2018-10-23,3.1699999999999875
552,0.43333333333333335,0.8333333333333334,5.661204829924225e-05,2018-10-23,3.1699999999999875
305,0.0,0.1,0.0,2018-10-23,3.1699999999999875
3730,0.375,0.8,0.0003178037560878867,2018-10-23,3.1699999999999875
81,0.0,0.0,0.0,2018-10-23,3.1699999999999875
255,0.0,0.0,0.0,2018-10-23,3.1699999999999875
179,0.0,0.0,0.0,2018-10-23,3.1699999999999875
7,0.0,0.0,0.0,2018-10-23,3.1699999999999875
465,0.0,0.0,0.0,2018-10-23,3.1699999999999875
62,0.0,0.0,0.0,2018-10-23,3.1699999999999875
111,0.0,0.0,0.0,2018-10-23,3.1699999999999875
52,0.0,0.0,0.0,2018-10-23,3.1699999999999875
903,0.0,0.0,0.0,2018-10-23,3.1699999999999875
461,0.0,0.0,0.0,2018-10-23,3.1699999999999875
2972,-0.1,0.6,-1.1148834873875676e-05,2018-10-23,3.1699999999999875
1730,0.0,0.0,0.0,2018-10-23,3.1699999999999875
205,0.0,0.0,0.0,2018-10-23,3.1699999999999875
186,0.0,0.0,0.0,2018-10-23,3.1699999999999875
18,0.0,0.0,0.0,2018-10-23,3.1699999999999875
18,0.0,0.0,0.0,2018-10-23,3.1699999999999875
2815,-0.13333333333333333,0.6,-1.4079843055163766e-05,2018-10-23,3.1699999999999875
140,0.0,0.0,0.0,2018-10-23,3.1699999999999875
18,0.0,0.0,0.0,2018-10-23,3.1699999999999875
18,0.0,0.0,0.0,2018-10-23,3.1699999999999875
1890,0.07250000000000001,0.58,4.968865394705208e-06,2018-10-23,3.1699999999999875
1475,0.06666666666666667,0.19999999999999998,1.2295896096131766e-06,2018-10-23,3.1699999999999875
2745,0.0,0.0,0.0,2018-10-23,3.1699999999999875
72,0.0,0.0,0.0,2018-10-23,3.1699999999999875
285,0.0,0.0,0.0,2018-10-23,3.1699999999999875
463,0.0,0.0,0.0,2018-10-23,3.1699999999999875
1422,0.0,0.0,0.0,2018-10-23,3.1699999999999875
873,0.0,0.0,0.0,2018-10-23,3.1699999999999875
88564,0.0,0.0,0.0,2018-10-23,3.1699999999999875
1219,0.20000000000000004,0.45,6.85923437647432e-06,2018-10-23,3.1699999999999875
704,0.0,0.0,0.0,2018-10-23,3.1699999999999875
55,-0.4,0.4,-5.501892490472521e-07,2018-10-23,3.1699999999999875
4127,0.05,0.0,0.0,2018-10-23,3.1699999999999875
92,0.0,0.0,0.0,2018-10-23,3.1699999999999875
42,0.0,0.0,0.0,2018-10-23,3.1699999999999875
373,0.0,0.0,0.0,2018-10-23,3.1699999999999875
1366,0.13636363636363635,0.45454545454545453,5.293659707446559e-06,2018-10-23,3.1699999999999875
4077,0.0,0.0,0.0,2018-10-23,3.1699999999999875
1327,0.0,0.0,0.0,2018-10-23,3.1699999999999875
13,0.0,0.0,0.0,2018-10-23,3.1699999999999875
1270,0.375,0.2,5.955173405880768e-06,2018-10-23,3.1699999999999875
49,0.5,0.6,9.190661319312048e-07,2018-10-23,3.1699999999999875
512,0.0,0.0,0.0,2018-10-23,3.1699999999999875
260,0.2,0.2,6.502236579649342e-07,2018-10-23,3.1699999999999875
19515,0.0,0.0,0.0,2018-10-23,3.1699999999999875
14,0.0,0.0,0.0,2018-10-23,3.1699999999999875
67,0.0,0.0,0.0,2018-10-23,3.1699999999999875
310,0.0,0.0,0.0,2018-10-23,3.1699999999999875
37,0.0,0.0,0.0,2018-10-23,3.1699999999999875
6090,0.0,0.0,0.0,2018-10-23,3.1699999999999875
32936,0.0,0.0,0.0,2018-10-23,3.1699999999999875
7512,0.13636363636363635,0.5,3.202237840012621e-05,2018-10-23,3.1699999999999875
4708,-0.16666666666666666,0.3333333333333333,-1.6352847124459988e-05,2018-10-23,3.1699999999999875
10791,0.0,0.0,0.0,2018-10-23,3.1699999999999875
3645,0.0,0.0,0.0,2018-10-23,3.1699999999999875
353,0.0,0.0,0.0,2018-10-23,3.1699999999999875
595,0.3333333333333333,0.35000000000000003,4.340034511897356e-06,2018-10-23,3.1699999999999875
1048,0.6,0.95,3.734784656941664e-05,2018-10-23,3.1699999999999875
874,0.31212121212121213,0.45,7.674969511012147e-06,2018-10-23,3.1699999999999875
542,0.0,0.0,0.0,2018-10-23,3.1699999999999875
801,0.0,0.0,0.0,2018-10-23,3.1699999999999875
1340,0.75,0.75,4.712558482606433e-05,2018-10-23,3.1699999999999875
66,0.0,0.0,0.0,2018-10-23,3.1699999999999875
8,0.0,0.0,0.0,2018-10-23,3.1699999999999875
8033,0.1,1.0,5.022352542723381e-05,2018-10-23,3.1699999999999875
2844,0.0,0.0,0.0,2018-10-23,3.1699999999999875
17,0.0,0.0,0.0,2018-10-23,3.1699999999999875
664,0.07777777777777778,0.5944444444444444,1.919394783699243e-06,2018-10-23,3.1699999999999875
23,0.5,1.0,7.189973140958405e-07,2018-10-23,3.1699999999999875
49,0.0,0.0,0.0,2018-10-23,3.1699999999999875
49,0.0,0.0,0.0,2018-10-23,3.1699999999999875
601,0.4,0.525,7.890839218437917e-06,2018-10-23,3.1699999999999875
49,0.0,0.0,0.0,2018-10-23,3.1699999999999875
40,0.0,0.0,0.0,2018-10-23,3.1699999999999875
49,0.0,0.0,0.0,2018-10-23,3.1699999999999875
49,0.0,0.0,0.0,2018-10-23,3.1699999999999875
585,0.0,0.0,0.0,2018-10-23,3.1699999999999875
49,0.0,0.0,0.0,2018-10-23,3.1699999999999875
49,0.0,0.0,0.0,2018-10-23,3.1699999999999875
37,0.0,0.0,0.0,2018-10-23,3.1699999999999875
1435,0.3333333333333333,0.35000000000000003,1.0467142058105388e-05,2018-10-23,3.1699999999999875
5112,0.0,0.0,0.0,2018-10-23,3.1699999999999875
5112,0.0,0.0,0.0,2018-10-23,3.1699999999999875
5112,0.0,0.0,0.0,2018-10-23,3.1699999999999875
494,0.28750000000000003,0.6833333333333332,6.067738166540482e-06,2018-10-23,3.1699999999999875
5,0.0,0.0,0.0,2018-10-23,3.1699999999999875
5112,0.0,0.25,0.0,2018-10-23,3.1699999999999875
2,0.0,0.0,0.0,2018-10-23,3.1699999999999875
83,0.0,0.0,0.0,2018-10-23,3.1699999999999875
419,0.0,0.0,0.0,2018-10-23,3.1699999999999875
7879,0.0,0.0,0.0,2018-10-23,3.1699999999999875
1003,0.0,0.0,0.0,2018-10-23,3.1699999999999875
291,0.0,0.0,0.0,2018-10-23,3.1699999999999875
612,0.625,0.6,1.4348685529130035e-05,2018-10-23,3.1699999999999875
65,0.0,1.0,0.0,2018-10-23,3.1699999999999875
173,0.0,0.0,0.0,2018-10-23,3.1699999999999875
220,0.0,0.0,0.0,2018-10-23,3.1699999999999875
228,0.0,0.0,0.0,2018-10-23,3.1699999999999875
234,0.0,0.0,0.0,2018-10-23,3.1699999999999875
117,0.0,0.0,0.0,2018-10-23,3.1699999999999875
9377,0.0,0.0,0.0,2018-10-23,3.1699999999999875
1170,-0.1,1.0,-3.9842449159785806e-07,2018-10-23,3.1699999999999875
1699,0.016666666666666666,0.03333333333333333,3.214260262225835e-09,2018-10-23,3.1699999999999875
5965,0.0,0.0,0.0,2018-10-23,3.1699999999999875
11,0.0,0.0,0.0,2018-10-23,3.1699999999999875
1019,0.3,0.5333333333333333,5.552062317103828e-07,2018-10-23,3.1699999999999875
83,0.3,0.5333333333333333,4.5222882465124396e-08,2018-10-23,3.1699999999999875
521,0.0,0.0,0.0,2018-10-23,3.1699999999999875
1223,0.016666666666666666,0.03333333333333333,2.313737669630486e-09,2018-10-23,3.1699999999999875
690,0.13333333333333333,0.4000000000000001,1.2531642128889896e-07,2018-10-23,3.1699999999999875
1792,0.0,0.0,0.0,2018-10-23,3.1699999999999875
2131,0.3,0.5333333333333333,1.1610838859419289e-06,2018-10-23,3.1699999999999875
90151,-0.1,1.0,-3.069945841199872e-05,2018-10-23,3.1699999999999875
258,0.0,0.1,0.0,2018-10-23,3.1699999999999875
263,0.0,0.0,0.0,2018-10-23,3.1699999999999875
4448,0.0,0.0,0.0,2018-10-23,3.1699999999999875
1218,0.3,0.5333333333333333,6.636321788255605e-07,2018-10-23,3.1699999999999875
157,0.3,0.5333333333333333,8.554207887981362e-08,2018-10-23,3.1699999999999875
4878,0.3,0.5333333333333333,2.657797839335865e-06,2018-10-23,3.1699999999999875
10981,0.3,0.5333333333333333,5.983041835536518e-06,2018-10-23,3.1699999999999875
5357,0.0,0.0,0.0,2018-10-23,3.1699999999999875
466,0.0,0.0,0.0,2018-10-23,3.1699999999999875
752,0.0,0.0,0.0,2018-10-23,3.1699999999999875
157,0.2,0.2,2.138551971995341e-08,2018-10-23,3.1699999999999875
852,0.25,0.5535714285714286,4.015257811386839e-07,2018-10-23,3.1699999999999875
535,0.0,0.0,0.0,2018-10-23,3.1699999999999875
192706,0.0,0.0,0.0,2018-10-23,3.1699999999999875
875,0.3,0.5333333333333333,4.7674725490341985e-07,2018-10-23,3.1699999999999875
52,0.0,0.0,0.0,2018-10-23,3.1699999999999875
196,0.3,0.5333333333333333,1.0679138509836607e-07,2018-10-23,3.1699999999999875
608,0.3,0.5333333333333333,3.312712354071763e-07,2018-10-23,3.1699999999999875
490991,0.016666666666666666,0.03333333333333333,9.288833786995437e-07,2018-10-23,3.1699999999999875
5279,0.0,0.0,0.0,2018-10-23,3.1699999999999875
438,0.0,0.0,0.0,2018-10-23,3.1699999999999875
534,0.0,0.0,0.0,2018-10-23,3.1699999999999875
2539,-0.3333333333333333,0.6666666666666666,-1.921367111428227e-06,2018-10-23,3.1699999999999875
0,-0.125,1.0,-0.0,2018-10-23,3.1699999999999875
101010,0.5,0.5,8.599328610320436e-05,2018-10-23,3.1699999999999875
668,0.3,0.5333333333333333,3.639624757434108e-07,2018-10-23,3.1699999999999875
205,0.3,0.5333333333333333,1.1169507114880123e-07,2018-10-23,3.1699999999999875
40,0.0,0.0,0.0,2018-10-23,3.1699999999999875
73,0.0,0.0,0.0,2018-10-23,3.1699999999999875
1311,0.3,0.5333333333333333,7.14303601346724e-07,2018-10-23,3.1699999999999875
15407,0.3,0.5333333333333333,8.394565664339418e-06,2018-10-23,3.1699999999999875
20645,0.25,0.5535714285714286,9.729459802356959e-06,2018-10-23,3.1699999999999875
817,0.25,0.75,5.216551436465545e-07,2018-10-23,3.1699999999999875
143,0.0,0.0,0.0,2018-10-23,3.1699999999999875
898,0.0,0.0,0.0,2018-10-23,3.1699999999999875
5642,0.25,0.5535714285714286,2.6589301140662615e-06,2018-10-23,3.1699999999999875
557,-0.3333333333333333,0.6666666666666666,-4.2150511266857917e-07,2018-10-23,3.1699999999999875
141,-0.3814697265625,0.0,-0.0,2018-10-23,3.1699999999999875
222,0.0,0.0,0.0,2018-10-23,3.1699999999999875
95,0.0,0.0,0.0,2018-10-23,3.1699999999999875
4769,-0.3814697265625,0.0,-0.0,2018-10-23,3.1699999999999875
2804,0.3,0.5333333333333333,1.5277706317133594e-06,2018-10-23,3.1699999999999875
447,0.3,0.5333333333333333,2.4354974050494704e-07,2018-10-23,3.1699999999999875
700,0.3,0.5333333333333333,3.813978039227359e-07,2018-10-23,3.1699999999999875
76,0.3,0.5333333333333333,4.140890442589704e-08,2018-10-23,3.1699999999999875
448,0.3,0.5333333333333333,2.44094594510551e-07,2018-10-23,3.1699999999999875
10,0.25,0.5535714285714286,4.71274391007845e-09,2018-10-23,3.1699999999999875
173,0.3,0.5333333333333333,9.425974296947615e-08,2018-10-23,3.1699999999999875
96,0.0,0.0,0.0,2018-10-23,3.1699999999999875
594,0.3,0.5333333333333333,3.2364327932872156e-07,2018-10-23,3.1699999999999875
2468,0.0,0.0,0.0,2018-10-23,3.1699999999999875
219,0.0,1.0,0.0,2018-10-23,3.1699999999999875
95,0.0,0.0,0.0,2018-10-23,3.1699999999999875
375,0.375,0.75,3.591566931471076e-07,2018-10-23,3.1699999999999875
2184,0.0,0.0,0.0,2018-10-23,3.1699999999999875
263,0.3,0.5333333333333333,1.4329660347382793e-07,2018-10-23,3.1699999999999875
248,0.3,0.5333333333333333,1.3512379338976928e-07,2018-10-23,3.1699999999999875
1189,0.0,0.0,0.0,2018-10-23,3.1699999999999875
107,0.0,0.0,0.0,2018-10-23,3.1699999999999875
2705886,0.25,0.5535714285714286,0.0012752147767866534,2018-10-23,3.1699999999999875
1307,0.0,0.0,0.0,2018-10-23,3.1699999999999875
1826,0.0,0.0,0.0,2018-10-23,3.1699999999999875
1917419,0.3,0.5333333333333333,0.0010447134225710405,2018-10-23,3.1699999999999875
114,0.0,0.0,0.0,2018-10-23,3.1699999999999875
7879,0.0,0.0,0.0,2018-10-23,3.1699999999999875
533,0.0,0.0,0.0,2018-10-23,3.1699999999999875
5848,0.0,0.0,0.0,2018-10-23,3.1699999999999875
342,0.3,0.5333333333333333,1.8634006991653668e-07,2018-10-23,3.1699999999999875
732,0.0,0.0,0.0,2018-10-23,3.1699999999999875
544,0.0,0.0,0.0,2018-10-23,3.1699999999999875
152464,0.0,0.0,0.0,2018-10-23,3.1699999999999875
114,0.3,0.5333333333333333,6.211335663884555e-08,2018-10-23,3.1699999999999875
95,0.0,0.0,0.0,2018-10-23,3.1699999999999875
1557,0.3,0.5333333333333333,8.483376867252854e-07,2018-10-23,3.1699999999999875
765,0.3,0.5333333333333333,4.1681331428698995e-07,2018-10-23,3.1699999999999875
16,0.0,0.0,0.0,2018-10-23,3.1699999999999875
946,0.0,0.0,0.0,2018-10-23,3.1699999999999875
141,0.39999999999999997,0.5,9.603051848768885e-08,2018-10-23,3.1699999999999875
773,0.3,0.5333333333333333,4.211721463318212e-07,2018-10-23,3.1699999999999875
260,-0.8,0.9,-6.37479186556573e-07,2018-10-23,3.1699999999999875
313,0.3,0.5333333333333333,1.7053930375402333e-07,2018-10-23,3.1699999999999875
105,0.0,0.0,0.0,2018-10-23,3.1699999999999875
863,0.0,0.125,0.0,2018-10-23,3.1699999999999875
632,0.3,0.5333333333333333,3.443477315416701e-07,2018-10-23,3.1699999999999875
225,-0.3333333333333333,0.6666666666666666,-1.702668767512214e-07,2018-10-23,3.1699999999999875
13259,0.3,0.5333333333333333,7.2242192603022216e-06,2018-10-23,3.1699999999999875
1573,0.09444444444444444,0.17500000000000002,8.416746643868269e-08,2018-10-23,3.1699999999999875
3783,0.03333333333333333,0.06666666666666667,2.7216037484443817e-08,2018-10-23,3.1699999999999875
14327,0.09444444444444444,0.17500000000000002,7.666034912059802e-07,2018-10-23,3.1699999999999875
791,0.09444444444444444,0.17500000000000002,4.2324517452637e-08,2018-10-23,3.1699999999999875
394,0.03333333333333333,0.06666666666666667,2.834554260869908e-09,2018-10-23,3.1699999999999875
63,0.390625,0.5,3.983562683200245e-08,2018-10-23,3.1699999999999875
201,0.390625,0.5,1.270946189401983e-07,2018-10-23,3.1699999999999875
1730,0.0,0.0,0.0,2018-10-23,3.1699999999999875
31239,0.12604166666666666,0.23333333333333334,2.974329733119918e-06,2018-10-23,3.1699999999999875
310,0.33333333333333337,0.4666666666666667,1.5611631335247973e-07,2018-10-23,3.1699999999999875
154,0.07777777777777778,0.2222222222222222,8.617172851713933e-09,2018-10-23,3.1699999999999875
873,0.03333333333333333,0.06666666666666667,6.2806240348716485e-09,2018-10-23,3.1699999999999875
1043,-0.10833333333333334,0.5333333333333333,-1.950950315895182e-07,2018-10-23,3.1699999999999875
491,-0.13055555555555556,0.25555555555555554,-5.303508176805493e-08,2018-10-23,3.1699999999999875
769,0.0,0.0,0.0,2018-10-23,3.1699999999999875
286,-0.75,0.95,-6.597083312917373e-07,2018-10-23,3.1699999999999875
486,0.25,0.75,2.950112707101438e-07,2018-10-23,3.1699999999999875
552,0.09444444444444444,0.17500000000000002,2.9536199284267534e-08,2018-10-23,3.1699999999999875
564,0.03333333333333333,0.06666666666666667,4.057585287133574e-09,2018-10-23,3.1699999999999875
63,0.5678571428571428,0.7678571428571428,8.893263041645737e-08,2018-10-23,3.1699999999999875
1287,-0.06666666666666667,0.2833333333333333,-7.87020465400669e-08,2018-10-23,3.1699999999999875
31,-0.16666666666666666,0.06666666666666667,-1.1151165239462835e-09,2018-10-23,3.1699999999999875
447,0.07777777777777778,0.12222222222222223,1.3756700945414743e-08,2018-10-23,3.1699999999999875
18,0.041666666666666664,0.06666666666666667,1.6187175347607341e-10,2018-10-23,3.1699999999999875
4247,0.0,0.0,0.0,2018-10-23,3.1699999999999875
97,0.041666666666666664,0.06666666666666667,8.723088937321733e-10,2018-10-23,3.1699999999999875
553,0.0,0.0,0.0,2018-10-23,3.1699999999999875
442,0.016666666666666666,0.2833333333333333,6.7572464201067545e-09,2018-10-23,3.1699999999999875
229,0.0,0.5,0.0,2018-10-23,3.1699999999999875
135,0.21666666666666667,0.5416666666666667,5.1293111882730774e-08,2018-10-23,3.1699999999999875
84,0.5678571428571428,0.7678571428571428,1.1857684055527649e-07,2018-10-23,3.1699999999999875
58,0.09444444444444444,0.17500000000000002,3.1034412291440526e-09,2018-10-23,3.1699999999999875
567,0.5678571428571428,0.7678571428571428,8.003936737481162e-07,2018-10-23,3.1699999999999875
542,0.041666666666666664,0.06666666666666667,4.874138354668433e-09,2018-10-23,3.1699999999999875
1519,0.5,0.5,1.2294159676507778e-06,2018-10-23,3.1699999999999875
73,0.5,0.5,5.9083190018766804e-08,2018-10-23,3.1699999999999875
94,0.03333333333333333,0.06666666666666667,6.762642145222623e-10,2018-10-23,3.1699999999999875
1413,0.04242424242424242,0.5416666666666666,1.051209882687573e-07,2018-10-23,3.1699999999999875
3521,0.17777777777777778,0.18888888888888888,3.8278153275327714e-07,2018-10-23,3.1699999999999875
228,0.5,0.5,1.845337989627237e-07,2018-10-23,3.1699999999999875
1278,0.09444444444444444,0.17500000000000002,6.838272225596722e-08,2018-10-23,3.1699999999999875
317,-0.48333333333333334,0.5333333333333333,-2.645488052809854e-07,2018-10-23,3.1699999999999875
746,0.14285714285714285,0.26785714285714285,9.2415557214146e-08,2018-10-23,3.1699999999999875
148,0.5678571428571428,0.7678571428571428,2.0892110002596335e-07,2018-10-23,3.1699999999999875
1611,0.14444444444444446,0.2888888888888889,2.1763477397354214e-07,2018-10-23,3.1699999999999875
215,0.041666666666666664,0.06666666666666667,1.9334681665197656e-09,2018-10-23,3.1699999999999875
1108,0.2333333333333333,0.4666666666666666,3.9059294398768784e-07,2018-10-23,3.1699999999999875
1793,0.24444444444444446,0.38518518518518513,5.465515156478914e-07,2018-10-23,3.1699999999999875
5459,0.041666666666666664,0.06666666666666667,4.909210567921582e-08,2018-10-23,3.1699999999999875
636,0.5,0.5,5.147521760539135e-07,2018-10-23,3.1699999999999875
157,0.17777777777777778,0.3138888888888889,2.8363128675743395e-08,2018-10-23,3.1699999999999875
477,-0.2833333333333333,0.48333333333333334,-2.1147735232881614e-07,2018-10-23,3.1699999999999875
381,0.4166666666666667,0.3833333333333333,1.9701141329317103e-07,2018-10-23,3.1699999999999875
50,0.03333333333333333,0.06666666666666667,3.597150077246076e-10,2018-10-23,3.1699999999999875
856,0.03333333333333333,0.06666666666666667,6.158320932245282e-09,2018-10-23,3.1699999999999875
2877,0.41111111111111115,0.5111111111111111,1.9571110349274785e-06,2018-10-23,3.1699999999999875
5142,-0.2555555555555556,0.35555555555555557,-1.5126064036820783e-06,2018-10-23,3.1699999999999875
3242,0.0,0.0,0.0,2018-10-23,3.1699999999999875
2488,0.36666666666666664,0.33333333333333337,9.844680331407062e-07,2018-10-23,3.1699999999999875
246,0.008333333333333333,0.23333333333333334,1.5485731082544357e-09,2018-10-23,3.1699999999999875
1961,0.14285714285714285,0.26785714285714285,2.429315116580969e-07,2018-10-23,3.1699999999999875
16996,0.18333333333333332,0.2833333333333333,2.8581623568268742e-06,2018-10-23,3.1699999999999875
606,0.03333333333333333,0.06666666666666667,4.359745893622245e-09,2018-10-23,3.1699999999999875
1571,0.011111111111111108,0.35555555555555557,2.0092880964812748e-08,2018-10-23,3.1699999999999875
70584,0.03333333333333333,0.06666666666666667,5.078024821046741e-07,2018-10-23,3.1699999999999875
315,-0.10833333333333334,0.15,-1.657162076211302e-08,2018-10-23,3.1699999999999875
17268,-0.10833333333333334,0.5333333333333333,-3.230010551762033e-06,2018-10-23,3.1699999999999875
1075,-0.075,0.25,-6.52545506200421e-08,2018-10-23,3.1699999999999875
3391,0.09444444444444444,0.17500000000000002,1.8144429669012902e-07,2018-10-23,3.1699999999999875
686,0.0,0.0,0.0,2018-10-23,3.1699999999999875
113,-0.2833333333333333,0.48333333333333334,-5.009840841332542e-08,2018-10-23,3.1699999999999875
9870,0.0,0.0,0.0,2018-10-23,3.1699999999999875
1769,0.03333333333333333,0.06666666666666667,1.2726716973296619e-08,2018-10-23,3.1699999999999875
509,-0.32916666666666666,0.5083333333333334,-2.757295345976457e-07,2018-10-23,3.1699999999999875
553,0.011111111111111112,0.25555555555555554,5.083572425832538e-09,2018-10-23,3.1699999999999875
600,0.016666666666666666,0.06666666666666667,2.158290046347646e-09,2018-10-23,3.1699999999999875
146,0.03333333333333333,0.06666666666666667,1.0503678225558543e-09,2018-10-23,3.1699999999999875
11561,0.0,0.0,0.0,2018-10-23,3.1699999999999875
134,0.0,0.0,0.0,2018-10-23,3.1699999999999875
18,0.5,0.5,1.4568457812846608e-08,2018-10-23,3.1699999999999875
143,-0.4,0.4,-7.407251439065121e-08,2018-10-23,3.1699999999999875
1697,0.03333333333333333,0.06666666666666667,1.2208727362173184e-08,2018-10-23,3.1699999999999875
897,-0.27847222222222223,0.3888888888888889,-3.1448571664396784e-07,2018-10-23,3.1699999999999875
17354,0.041666666666666664,0.06666666666666667,1.5606235610132098e-07,2018-10-23,3.1699999999999875
227,0.03333333333333333,0.06666666666666667,1.6331061350697185e-09,2018-10-23,3.1699999999999875
8159,0.5,0.55,7.263914001362057e-06,2018-10-23,3.1699999999999875
224,0.03333333333333333,0.06666666666666667,1.6115232346062422e-09,2018-10-23,3.1699999999999875
402,0.0,0.0,0.0,2018-10-23,3.1699999999999875
415,0.03333333333333333,0.06666666666666667,2.985634564114243e-09,2018-10-23,3.1699999999999875
839,0.03333333333333333,0.06666666666666667,6.036017829618917e-09,2018-10-23,3.1699999999999875
1175,0.0,0.0,0.0,2018-10-23,3.1699999999999875
130,-0.125,0.2,-1.0521663975944772e-08,2018-10-23,3.1699999999999875
22035,0.03333333333333333,0.06666666666666667,1.585264039042346e-07,2018-10-23,3.1699999999999875
870,0.0,0.0,0.0,2018-10-23,3.1699999999999875
10321,0.03333333333333333,0.06666666666666667,7.42523718945135e-08,2018-10-23,3.1699999999999875
205,0.2,0.2,2.654696757007605e-08,2018-10-23,3.1699999999999875
3977,0.09444444444444444,0.17500000000000002,2.1279975462596373e-07,2018-10-23,3.1699999999999875
5497,0.0,0.0,0.0,2018-10-23,3.1699999999999875
81,0.11666666666666667,0.13333333333333333,4.079168187597051e-09,2018-10-23,3.1699999999999875
383,0.07777777777777778,0.2222222222222222,2.1431020793548287e-08,2018-10-23,3.1699999999999875
62,0.21000000000000002,0.27666666666666667,6.868389700284204e-09,2018-10-23,3.1699999999999875
0,0.0,0.0,0.0,2018-10-23,3.1699999999999875
3695,0.0,0.0,0.0,2018-10-23,3.1699999999999875
164,-0.1,0.1875,-5.863166489471415e-09,2018-10-23,3.1699999999999875
234,0.0,0.0,0.0,2018-10-23,3.1699999999999875
148,0.0,0.0,0.0,2018-10-23,3.1699999999999875
287,0.0,0.0,0.0,2018-10-23,3.1699999999999875
529,0.0,0.0,0.0,2018-10-23,3.1699999999999875
102,-0.1,0.1875,-3.6466035483297826e-09,2018-10-23,3.1699999999999875
64,0.0,0.0,0.0,2018-10-23,3.1699999999999875
65,0.5666666666666667,0.5666666666666668,3.979750045337688e-08,2018-10-23,3.1699999999999875
408,0.0,0.0,0.0,2018-10-23,3.1699999999999875
7576,0.0,0.0,0.0,2018-10-23,3.1699999999999875
743,0.0,0.0,0.0,2018-10-23,3.1699999999999875
64,0.16666666666666666,0.5,1.016917765111573e-08,2018-10-23,3.1699999999999875
29,0.0,0.0,0.0,2018-10-23,3.1699999999999875
4019,0.0,0.0,0.0,2018-10-23,3.1699999999999875
1697,0.0,0.0,0.0,2018-10-23,3.1699999999999875
71,0.0,0.0,0.0,2018-10-23,3.1699999999999875
185,0.0,0.0,0.0,2018-10-23,3.1699999999999875
0,0.0,0.0,0.0,2018-10-23,3.1699999999999875
847,-0.1,0.1875,-3.028110985720908e-08,2018-10-23,3.1699999999999875
348,-0.05555555555555555,0.32539682539682535,-1.1995190701564086e-08,2018-10-23,3.1699999999999875
51,0.0,0.0,0.0,2018-10-23,3.1699999999999875
852,0.0,0.0,0.0,2018-10-23,3.1699999999999875
95,-0.1,0.1875,-3.396346442071856e-09,2018-10-23,3.1699999999999875
24,0.0,0.0,0.0,2018-10-23,3.1699999999999875
63,0.0,0.0,0.0,2018-10-23,3.1699999999999875
1142,0.0,0.0,0.0,2018-10-23,3.1699999999999875
188,0.0,0.0,0.0,2018-10-23,3.1699999999999875
1107,-0.08372790404040406,0.3944444444444445,-6.97093110508793e-08,2018-10-23,3.1699999999999875
292,0.0,0.0,0.0,2018-10-23,3.1699999999999875
155,-0.125,0.375,-1.3853518382135198e-08,2018-10-23,3.1699999999999875
9785,0.0,0.0,0.0,2018-10-23,3.1699999999999875
156,-0.1,0.1875,-5.577158368033784e-09,2018-10-23,3.1699999999999875
619,-0.1,0.1875,-2.212987839623662e-08,2018-10-23,3.1699999999999875
365,0.0,0.0,0.0,2018-10-23,3.1699999999999875
112,0.0,0.0,0.0,2018-10-23,3.1699999999999875
269,0.0,0.0,0.0,2018-10-23,3.1699999999999875
5393,0.8,1.0,8.22635626087007e-06,2018-10-23,3.1699999999999875
1017,0.0,0.0,0.0,2018-10-23,3.1699999999999875
55,0.0,0.0,0.0,2018-10-23,3.1699999999999875
169,0.0,0.0,0.0,2018-10-23,3.1699999999999875
326337,0.0,0.0,0.0,2018-10-23,3.1699999999999875
298,0.0,0.0,0.0,2018-10-23,3.1699999999999875
83,0.13636363636363635,0.45454545454545453,9.809369454265818e-09,2018-10-23,3.1699999999999875
32,-0.08928571428571427,0.14285714285714285,-7.782533916670201e-10,2018-10-23,3.1699999999999875
50,0.0,0.0,0.0,2018-10-23,3.1699999999999875
153,0.0,0.0,0.0,2018-10-23,3.1699999999999875
355,0.4375,0.625,1.8508598483659127e-07,2018-10-23,3.1699999999999875
168,1.0,0.3,9.609872880304365e-08,2018-10-23,3.1699999999999875
3762575,0.0,0.0,0.0,2018-10-23,3.1699999999999875
495,0.0,0.0,0.0,2018-10-23,3.1699999999999875
22,-0.1,0.1875,-7.865223339534825e-10,2018-10-23,3.1699999999999875
41,0.04583333333333334,0.20000000000000004,7.166092376020618e-10,2018-10-23,3.1699999999999875
44,0.0,0.0,0.0,2018-10-23,3.1699999999999875
6309,0.0,0.0,0.0,2018-10-23,3.1699999999999875
255,0.0,0.4,0.0,2018-10-23,3.1699999999999875
238,0.0,0.0,0.0,2018-10-23,3.1699999999999875
770,-0.029166666666666664,0.2333333333333333,-9.991746686890532e-09,2018-10-23,3.1699999999999875
83,0.0,0.0,0.0,2018-10-23,3.1699999999999875
670,0.0,0.0,0.0,2018-10-23,3.1699999999999875
1100,0.0,0.0,0.0,2018-10-23,3.1699999999999875
80,0.0,0.0,0.0,2018-10-23,3.1699999999999875
177,0.13636363636363635,0.5,2.3010653406572955e-08,2018-10-23,3.1699999999999875
151,0.0,0.0,0.0,2018-10-23,3.1699999999999875
880,0.0,0.0,0.0,2018-10-23,3.1699999999999875
429,0.0,0.0,0.0,2018-10-23,3.1699999999999875
336,0.0,0.0,0.0,2018-10-23,3.1699999999999875
1695,-1.0,1.0,-3.2318917722452183e-06,2018-10-23,3.1699999999999875
326337,0.0,0.0,0.0,2018-10-23,3.1699999999999875
7055,0.75,0.44999999999999996,4.540021417670577e-06,2018-10-23,3.1699999999999875
3,0.0,0.0,0.0,2018-10-23,3.1699999999999875
25,0.0,0.0,0.0,2018-10-23,3.1699999999999875
1600,0.0,0.0,0.0,2018-10-23,3.1699999999999875
95,0.0,0.0,0.0,2018-10-23,3.1699999999999875
2221,0.5,0.5,1.0587067295216267e-06,2018-10-23,3.1699999999999875
662,0.8,0.75,7.573495055668441e-07,2018-10-23,3.1699999999999875
289,0.0,0.0,0.0,2018-10-23,3.1699999999999875
902,0.0,0.0,0.0,2018-10-23,3.1699999999999875
2844,0.0,0.0,0.0,2018-10-23,3.1699999999999875
216,0.3642857142857143,0.6071428571428571,9.109066822766638e-08,2018-10-23,3.1699999999999875
134,0.0,0.0,0.0,2018-10-23,3.1699999999999875
1625,0.0,0.0,0.0,2018-10-23,3.1699999999999875
86,0.0,0.0,0.0,2018-10-23,3.1699999999999875
852,0.0,0.0,0.0,2018-10-23,3.1699999999999875
422,0.5375,0.7083333333333334,3.063484629073714e-07,2018-10-23,3.1699999999999875
2246,0.13636363636363635,0.5,2.9198829124950764e-07,2018-10-23,3.1699999999999875
45,0.0,0.0,0.0,2018-10-23,3.1699999999999875
83,0.13636363636363635,0.45454545454545453,9.809369454265818e-09,2018-10-23,3.1699999999999875
66,0.0,0.0,0.0,2018-10-23,3.1699999999999875
824,0.25,0.25,9.819612169358628e-08,2018-10-23,3.1699999999999875
144,0.5,1.0,1.3728389829006236e-07,2018-10-23,3.1699999999999875
87,-0.75,1.0,-1.24413532825369e-07,2018-10-23,3.1699999999999875
11415,0.0,0.0,0.0,2018-10-23,3.1699999999999875
146,0.0,0.0,0.0,2018-10-23,3.1699999999999875
826,0.0,0.0,0.0,2018-10-23,3.1699999999999875
738,0.0,0.0,0.0,2018-10-23,3.1699999999999875
89,0.0,0.0,0.0,2018-10-23,3.1699999999999875
9896,0.0,0.0,0.0,2018-10-23,3.1699999999999875
273,0.0,0.0,0.0,2018-10-23,3.1699999999999875
401,0.0,0.0,0.0,2018-10-23,3.1699999999999875
742,0.0,0.0,0.0,2018-10-23,3.1699999999999875
192,0.0,0.0,0.0,2018-10-23,3.1699999999999875
119,0.0,0.0,0.0,2018-10-23,3.1699999999999875
12,0.0,0.0,0.0,2018-10-23,3.1699999999999875
1704,0.0,0.0,0.0,2018-10-23,3.1699999999999875
1268,0.0,0.0,0.0,2018-10-23,3.1699999999999875
2632,-0.5,1.0,-2.1885880948044106e-06,2018-10-23,3.1699999999999875
655,0.0,0.0,0.0,2018-10-23,3.1699999999999875
5324,0.0,0.0,0.0,2018-10-23,3.1699999999999875
1043,0.0,0.0,0.0,2018-10-23,3.1699999999999875
816,0.0,0.0,0.0,2018-10-23,3.1699999999999875
540,0.0,0.0,0.0,2018-10-23,3.1699999999999875
54,0.0,0.0,0.0,2018-10-23,3.1699999999999875
1470892,0.0,0.0,0.0,2018-10-23,3.1699999999999875
154,0.05,1.0,1.2805568639813042e-08,2018-10-23,3.1699999999999875
216,0.0,0.0,0.0,2018-10-23,3.1699999999999875
240,0.0,0.0,0.0,2018-10-23,3.1699999999999875
257,0.0,0.0,0.0,2018-10-23,3.1699999999999875
1224,0.0,0.0,0.0,2018-10-23,3.1699999999999875
369,0.0,0.0,0.0,2018-10-23,3.1699999999999875
39,0.0,0.0,0.0,2018-10-23,3.1699999999999875
3678,0.04999999999999999,0.25,7.645922314485771e-08,2018-10-23,3.1699999999999875
4283,0.0,0.0,0.0,2018-10-23,3.1699999999999875
138,0.0,0.0,0.0,2018-10-23,3.1699999999999875
4952,0.0,0.0,0.0,2018-10-23,3.1699999999999875
193,0.0,0.0,0.0,2018-10-23,3.1699999999999875
418,0.05,1.0,3.475797202234968e-08,2018-10-23,3.1699999999999875
629,0.0,0.0,0.0,2018-10-23,3.1699999999999875
664,0.0,0.0,0.0,2018-10-23,3.1699999999999875
405,0.0,0.0,0.0,2018-10-23,3.1699999999999875
142,0.0,0.0,0.0,2018-10-23,3.1699999999999875
84,0.0,0.0,0.0,2018-10-23,3.1699999999999875
57,0.0,0.0,0.0,2018-10-23,3.1699999999999875
2994,0.0,0.0,0.0,2018-10-23,3.1699999999999875
537,0.0,0.0,0.0,2018-10-23,3.1699999999999875
118,0.05,1.0,9.812059087648954e-09,2018-10-23,3.1699999999999875
2068,0.0,0.0,0.0,2018-10-23,3.1699999999999875
704,0.05,1.0,5.8539742353431046e-08,2018-10-23,3.1699999999999875
313,0.0,0.0,0.0,2018-10-23,3.1699999999999875
65,0.0,0.0,0.0,2018-10-23,3.1699999999999875
609,0.0,0.0,0.0,2018-10-23,3.1699999999999875
190,0.0,0.0,0.0,2018-10-23,3.1699999999999875
305,0.0,0.0,0.0,2018-10-23,3.1699999999999875
634,0.0,0.0,0.0,2018-10-23,3.1699999999999875
3257,0.0,0.0,0.0,2018-10-23,3.1699999999999875
44,0.0,0.0,0.0,2018-10-23,3.1699999999999875
220,0.0,0.0,0.0,2018-10-23,3.1699999999999875
10539,0.1,0.3,5.258099528376219e-07,2018-10-23,3.1699999999999875
1270,0.0,0.0,0.0,2018-10-23,3.1699999999999875
1386,0.0,0.0,0.0,2018-10-23,3.1699999999999875
42106,0.0,0.0,0.0,2018-10-23,3.1699999999999875
20,0.05,1.0,1.663060862313382e-09,2018-10-23,3.1699999999999875
62,0.43333333333333335,0.6416666666666667,2.8670245343581425e-08,2018-10-23,3.1699999999999875
724,0.0,0.0,0.0,2018-10-23,3.1699999999999875
143,0.05,1.0,1.1890885165540682e-08,2018-10-23,3.1699999999999875
339,0.0,0.0,0.0,2018-10-23,3.1699999999999875
112,0.05,1.0,9.313140828954938e-09,2018-10-23,3.1699999999999875
8,0.0,0.0,0.0,2018-10-23,3.1699999999999875
441,0.2,0.1,1.4668196805604032e-08,2018-10-23,3.1699999999999875
466,0.0,0.0,0.0,2018-10-23,3.1699999999999875
902,0.0,0.0,0.0,2018-10-23,3.1699999999999875
487,0.0,0.0,0.0,2018-10-23,3.1699999999999875
127,0.0,0.0,0.0,2018-10-23,3.1699999999999875
272,0.0,0.0,0.0,2018-10-23,3.1699999999999875
535,0.0,0.0,0.0,2018-10-23,3.1699999999999875
79,0.0,0.0,0.0,2018-10-23,3.1699999999999875
448,0.05,1.0,3.7252563315819754e-08,2018-10-23,3.1699999999999875
147,0.0,0.0,0.0,2018-10-23,3.1699999999999875
219,0.05,1.0,1.8210516442331535e-08,2018-10-23,3.1699999999999875
2453,0.0,0.0,0.0,2018-10-23,3.1699999999999875
1,0.0,0.0,0.0,2018-10-23,3.1699999999999875
12389,0.0,0.0,0.0,2018-10-23,3.1699999999999875
522,0.0,0.0,0.0,2018-10-23,3.1699999999999875
56,0.0,0.0,0.0,2018-10-23,3.1699999999999875
2188,0.0,0.0,0.0,2018-10-23,3.1699999999999875
270,0.0,0.0,0.0,2018-10-23,3.1699999999999875
1549,0.0,0.0,0.0,2018-10-23,3.1699999999999875
1083,0.0,0.0,0.0,2018-10-23,3.1699999999999875
3189,0.0,0.0,0.0,2018-10-23,3.1699999999999875
9111,0.0,0.0,0.0,2018-10-23,3.1699999999999875
100,0.0,0.0,0.0,2018-10-23,3.1699999999999875
180,0.0,0.0,0.0,2018-10-23,3.1699999999999875
