18,-0.2111111111111111,0.8333333333333334,1.0885940002789486e-08,2018-10-22,-0.10000000000000142,55.08
441,0.16666666666666666,0.20833333333333334,-5.2639249355593897e-08,2018-10-22,-0.10000000000000142,55.08
441,0.425,0.575,-3.704750369646698e-07,2018-10-22,-0.10000000000000142,55.08
36,0.8,0.9,-8.910428364388533e-08,2018-10-22,-0.10000000000000142,55.08
13,0.425,0.575,-1.0921032835693215e-08,2018-10-22,-0.10000000000000142,55.08
13,0.16666666666666666,0.20833333333333334,-1.551723903906396e-09,2018-10-22,-0.10000000000000142,55.08
38,0.0,0.0,-0.0,2018-10-22,-0.10000000000000142,55.08
193,-0.125,1.0,8.293367449493569e-08,2018-10-22,-0.10000000000000142,55.08
73,0.75,0.95,-1.788015645458173e-07,2018-10-22,-0.10000000000000142,55.08
19,0.0,0.0,-0.0,2018-10-22,-0.10000000000000142,55.08
1111,0.0,0.0,-0.0,2018-10-22,-0.10000000000000142,55.08
893,0.5,1.0,-1.5349175403933176e-06,2018-10-22,-0.10000000000000142,55.08
893,0.425,0.575,-7.501909478672339e-07,2018-10-22,-0.10000000000000142,55.08
893,0.16666666666666666,0.20833333333333334,-1.0659149586064706e-07,2018-10-22,-0.10000000000000142,55.08
311,0.16666666666666666,0.20833333333333334,-3.712201031652994e-08,2018-10-22,-0.10000000000000142,55.08
5,-0.027777777777777773,0.6666666666666666,3.183023392628504e-10,2018-10-22,-0.10000000000000142,55.08
1584,0.5,1.0,-2.7226308891187177e-06,2018-10-22,-0.10000000000000142,55.08
1584,0.425,0.575,-1.3306858470567733e-06,2018-10-22,-0.10000000000000142,55.08
234,0.0,0.0,-0.0,2018-10-22,-0.10000000000000142,55.08
316,-0.1875,0.5,1.0184083344714902e-07,2018-10-22,-0.10000000000000142,55.08
1823,0.8,0.9,-4.5121419189667485e-06,2018-10-22,-0.10000000000000142,55.08
422,1.0,0.9,-1.3056252672819308e-06,2018-10-22,-0.10000000000000142,55.08
746,0.0,0.0,-0.0,2018-10-22,-0.10000000000000142,55.08
63,0.25,0.2,-1.0828645581722174e-08,2018-10-22,-0.10000000000000142,55.08
1627,0.13636363636363635,0.5,-3.813464580403025e-07,2018-10-22,-0.10000000000000142,55.08
0,0.425,0.575,-0.0,2018-10-22,-0.10000000000000142,55.08
0,0.16666666666666666,0.20833333333333334,-0.0,2018-10-22,-0.10000000000000142,55.08
88,0.0,0.0,-0.0,2018-10-22,-0.10000000000000142,55.08
23,0.425,0.575,-1.9321827324687995e-08,2018-10-22,-0.10000000000000142,55.08
1001,0.0,0.0,-0.0,2018-10-22,-0.10000000000000142,55.08
23,0.16666666666666666,0.20833333333333334,-2.745357676142085e-09,2018-10-22,-0.10000000000000142,55.08
928,0.27499999999999997,0.6666666666666666,-5.848614502551319e-07,2018-10-22,-0.10000000000000142,55.08
160,-1.0,1.0,5.500264422462057e-07,2018-10-22,-0.10000000000000142,55.08
1627,0.0,0.0,-0.0,2018-10-22,-0.10000000000000142,55.08
62,0.022222222222222213,0.24444444444444446,-1.157771708678741e-09,2018-10-22,-0.10000000000000142,55.08
1357,0.0,0.0,-0.0,2018-10-22,-0.10000000000000142,55.08
114,0.19285714285714284,0.3678571428571429,-2.7802468605083475e-08,2018-10-22,-0.10000000000000142,55.08
3247,0.0,0.0,-0.0,2018-10-22,-0.10000000000000142,55.08
2,0.0,0.0,-0.0,2018-10-22,-0.10000000000000142,55.08
0,-0.027777777777777773,0.6666666666666666,0.0,2018-10-22,-0.10000000000000142,55.08
2938,0.5,1.0,-5.049930272872975e-06,2018-10-22,-0.10000000000000142,55.08
1206,0.0,0.0,-0.0,2018-10-22,-0.10000000000000142,55.08
30843,0.37878787878787884,0.7181818181818181,-2.8843680679618154e-05,2018-10-22,-0.10000000000000142,55.08
8,0.0,0.0,-0.0,2018-10-22,-0.10000000000000142,55.08
118486,0.375,0.75,-0.00011455740182106547,2018-10-22,-0.10000000000000142,55.08
360,-0.4,0.4,1.9800951920863405e-07,2018-10-22,-0.10000000000000142,55.08
2007,-0.16666666666666666,0.43333333333333335,4.982895800224219e-07,2018-10-22,-0.10000000000000142,55.08
1059,0.5,0.9,-1.6382193815776828e-06,2018-10-22,-0.10000000000000142,55.08
247,0.0,0.30000000000000004,-0.0,2018-10-22,-0.10000000000000142,55.08
40,0.0,0.0,-0.0,2018-10-22,-0.10000000000000142,55.08
40,1.0,0.3,-4.1251983168465426e-08,2018-10-22,-0.10000000000000142,55.08
3323,-0.1625,0.2125,3.9446295775009297e-07,2018-10-22,-0.10000000000000142,55.08
94,0.6,1.0,-1.9388432089178746e-07,2018-10-22,-0.10000000000000142,55.08
2117,0.0,0.0,-0.0,2018-10-22,-0.10000000000000142,55.08
6,0.16666666666666666,0.20833333333333334,-7.161802633414136e-10,2018-10-22,-0.10000000000000142,55.08
14,0.0,0.0,-0.0,2018-10-22,-0.10000000000000142,55.08
1059,0.0,0.0,-0.0,2018-10-22,-0.10000000000000142,55.08
3167,0.0,0.0,-0.0,2018-10-22,-0.10000000000000142,55.08
2122,-0.026909722222222238,0.6444444444444445,1.2650382707505756e-07,2018-10-22,-0.10000000000000142,55.08
6,0.425,0.575,-5.040476693396868e-09,2018-10-22,-0.10000000000000142,55.08
146,0.625,0.8888888888888888,-2.7883284919425703e-07,2018-10-22,-0.10000000000000142,55.08
1052,0.0,0.0,-0.0,2018-10-22,-0.10000000000000142,55.08
5,0.0,0.25,-0.0,2018-10-22,-0.10000000000000142,55.08
12,0.0,0.0,-0.0,2018-10-22,-0.10000000000000142,55.08
20,0.0,0.0,-0.0,2018-10-22,-0.10000000000000142,55.08
2641,0.0,0.0,-0.0,2018-10-22,-0.10000000000000142,55.08
7673,0.0,0.0,-0.0,2018-10-22,-0.10000000000000142,55.08
26,0.0,0.0,-0.0,2018-10-22,-0.10000000000000142,55.08
746,0.0,0.0,-0.0,2018-10-22,-0.10000000000000142,55.08
42029,0.49242424242424243,0.5553030303030303,-3.9507733141064174e-05,2018-10-22,-0.10000000000000142,55.08
3474,0.625,0.95,-7.090829169317001e-06,2018-10-22,-0.10000000000000142,55.08
1605,0.2,0.4,-4.4139621990258006e-07,2018-10-22,-0.10000000000000142,55.08
1605,0.25,0.3125,-4.3105099599861325e-07,2018-10-22,-0.10000000000000142,55.08
1605,0.625,0.95,-3.2759875695894606e-06,2018-10-22,-0.10000000000000142,55.08
696,0.0,0.0,-0.0,2018-10-22,-0.10000000000000142,55.08
196,0.16666666666666666,0.20833333333333334,-2.3395221935819506e-08,2018-10-22,-0.10000000000000142,55.08
1378,0.0,0.0,-0.0,2018-10-22,-0.10000000000000142,55.08
55,-0.1,0.1,1.8907158952213323e-09,2018-10-22,-0.10000000000000142,55.08
1929,0.0,0.0,-0.0,2018-10-22,-0.10000000000000142,55.08
12,0.425,0.575,-1.0080953386793737e-08,2018-10-22,-0.10000000000000142,55.08
12,0.16666666666666666,0.20833333333333334,-1.4323605266828272e-09,2018-10-22,-0.10000000000000142,55.08
231,0.0,1.0,-0.0,2018-10-22,-0.10000000000000142,55.08
419,0.3625,0.49583333333333335,-2.588936148008801e-07,2018-10-22,-0.10000000000000142,55.08
1720,0.0,0.0,-0.0,2018-10-22,-0.10000000000000142,55.08
3853,-0.07500000000000001,0.22499999999999998,2.235148469270118e-07,2018-10-22,-0.10000000000000142,55.08
34,0.425,0.575,-2.856270126258225e-08,2018-10-22,-0.10000000000000142,55.08
587,0.0,0.0,-0.0,2018-10-22,-0.10000000000000142,55.08
34,0.16666666666666666,0.20833333333333334,-4.058354825601344e-09,2018-10-22,-0.10000000000000142,55.08
66,0.0,0.0,-0.0,2018-10-22,-0.10000000000000142,55.08
400,0.0,0.0,-0.0,2018-10-22,-0.10000000000000142,55.08
64,1.0,1.0,-2.2001057689848223e-07,2018-10-22,-0.10000000000000142,55.08
818,0.4211309523809524,0.8238095238095239,-9.755754442713808e-07,2018-10-22,-0.10000000000000142,55.08
602,0.25,0.3125,-1.6167769444932411e-07,2018-10-22,-0.10000000000000142,55.08
80,0.25,0.75,-5.156497896058178e-08,2018-10-22,-0.10000000000000142,55.08
0,0.25,0.3125,-0.0,2018-10-22,-0.10000000000000142,55.08
0,0.425,0.575,-0.0,2018-10-22,-0.10000000000000142,55.08
1605,0.16666666666666666,0.20833333333333334,-1.9157822044382814e-07,2018-10-22,-0.10000000000000142,55.08
11160,0.0,0.0,-0.0,2018-10-22,-0.10000000000000142,55.08
247839,0.2857142857142857,0.5357142857142857,-0.0001304062532715472,2018-10-22,-0.10000000000000142,55.08
139,0.0,0.1,-0.0,2018-10-22,-0.10000000000000142,55.08
488,0.0,0.0,-0.0,2018-10-22,-0.10000000000000142,55.08
41,0.0,0.0,-0.0,2018-10-22,-0.10000000000000142,55.08
1055,0.0,0.0,-0.0,2018-10-22,-0.10000000000000142,55.08
664,0.0,0.0,-0.0,2018-10-22,-0.10000000000000142,55.08
67,0.0,0.0,-0.0,2018-10-22,-0.10000000000000142,55.08
67,0.48750000000000004,0.625,-5.193527189550495e-08,2018-10-22,-0.10000000000000142,55.08
126,0.0,0.0,-0.0,2018-10-22,-0.10000000000000142,55.08
112,0.0,0.0,-0.0,2018-10-22,-0.10000000000000142,55.08
64,0.0,0.0,-0.0,2018-10-22,-0.10000000000000142,55.08
38,0.0,0.0,-0.0,2018-10-22,-0.10000000000000142,55.08
1055,0.0,0.0,-0.0,2018-10-22,-0.10000000000000142,55.08
22,0.0,0.0,-0.0,2018-10-22,-0.10000000000000142,55.08
1509,0.8,0.4,-1.228491589702022e-06,2018-10-22,-0.10000000000000142,55.08
38,0.0,0.0,-0.0,2018-10-22,-0.10000000000000142,55.08
1598,0.0,0.0,-0.0,2018-10-22,-0.10000000000000142,55.08
1560,0.0,0.0,-0.0,2018-10-22,-0.10000000000000142,55.08
131,0.0,0.0,-0.0,2018-10-22,-0.10000000000000142,55.08
308,0.0,0.0,-0.0,2018-10-22,-0.10000000000000142,55.08
351,0.26633522727272724,0.45454545454545453,-1.0810505899058172e-07,2018-10-22,-0.10000000000000142,55.08
622,0.0,0.0,-0.0,2018-10-22,-0.10000000000000142,55.08
308,-0.17857142857142858,0.2857142857142857,3.997860304459624e-08,2018-10-22,-0.10000000000000142,55.08
1055,0.0,0.0,-0.0,2018-10-22,-0.10000000000000142,55.08
351,0.0,0.0,-0.0,2018-10-22,-0.10000000000000142,55.08
2648,0.0,0.0,-0.0,2018-10-22,-0.10000000000000142,55.08
128,0.0,0.0,-0.0,2018-10-22,-0.10000000000000142,55.08
42828,0.0,0.0,-0.0,2018-10-22,-0.10000000000000142,55.08
22,0.0,0.0,-0.0,2018-10-22,-0.10000000000000142,55.08
66,0.0,0.0,-0.0,2018-10-22,-0.10000000000000142,55.08
385,0.0,0.0,-0.0,2018-10-22,-0.10000000000000142,55.08
664,0.0,0.0,-0.0,2018-10-22,-0.10000000000000142,55.08
664,0.0,0.0,-0.0,2018-10-22,-0.10000000000000142,55.08
208,0.1875,0.5,-4.960981195988533e-08,2018-10-22,-0.10000000000000142,55.08
2614,0.0,0.0,-0.0,2018-10-22,-0.10000000000000142,55.08
35376,0.0,0.0,-0.0,2018-10-22,-0.10000000000000142,55.08
15,0.0,0.0,-0.0,2018-10-22,-0.10000000000000142,55.08
22,0.0,0.0,-0.0,2018-10-22,-0.10000000000000142,55.08
2069,0.13636363636363635,0.5,-3.588905627447648e-07,2018-10-22,-0.10000000000000142,55.08
8,0.0,0.0,-0.0,2018-10-22,-0.10000000000000142,55.08
23,0.05,0.35,-1.0239974007104536e-09,2018-10-22,-0.10000000000000142,55.08
602,0.0,0.0,-0.0,2018-10-22,-0.10000000000000142,55.08
257,0.0,0.0,-0.0,2018-10-22,-0.10000000000000142,55.08
664,0.0,0.0,-0.0,2018-10-22,-0.10000000000000142,55.08
202,0.0,0.0,-0.0,2018-10-22,-0.10000000000000142,55.08
202,0.0,0.0,-0.0,2018-10-22,-0.10000000000000142,55.08
202,0.0,0.0,-0.0,2018-10-22,-0.10000000000000142,55.08
305,0.0,0.0,-0.0,2018-10-22,-0.10000000000000142,55.08
40,0.0,0.0,-0.0,2018-10-22,-0.10000000000000142,55.08
257,0.0,0.0,-0.0,2018-10-22,-0.10000000000000142,55.08
67,0.0,0.0,-0.0,2018-10-22,-0.10000000000000142,55.08
326,0.0,0.0,-0.0,2018-10-22,-0.10000000000000142,55.08
98,0.0,0.0,-0.0,2018-10-22,-0.10000000000000142,55.08
316,0.0,0.0,-0.0,2018-10-22,-0.10000000000000142,55.08
67,0.0,0.0,-0.0,2018-10-22,-0.10000000000000142,55.08
7065,0.0,0.0,-0.0,2018-10-22,-0.10000000000000142,55.08
226,0.0,0.0,-0.0,2018-10-22,-0.10000000000000142,55.08
543,0.0,0.0,-0.0,2018-10-22,-0.10000000000000142,55.08
194,0.0,0.0,-0.0,2018-10-22,-0.10000000000000142,55.08
67,-0.36309523809523814,0.49404761904761907,3.057715932402368e-08,2018-10-22,-0.10000000000000142,55.08
118,0.0,0.0,-0.0,2018-10-22,-0.10000000000000142,55.08
2417,0.0,0.0,-0.0,2018-10-22,-0.10000000000000142,55.08
67,0.0,0.0,-0.0,2018-10-22,-0.10000000000000142,55.08
22,0.0,0.0,-0.0,2018-10-22,-0.10000000000000142,55.08
67,0.0,0.0,-0.0,2018-10-22,-0.10000000000000142,55.08
51373,0.0,0.0,-0.0,2018-10-22,-0.10000000000000142,55.08
67,-0.2916666666666667,0.5416666666666666,2.6929400242113675e-08,2018-10-22,-0.10000000000000142,55.08
0,0.0,0.0,-0.0,2018-10-22,-0.10000000000000142,55.08
41,0.0,0.0,-0.0,2018-10-22,-0.10000000000000142,55.08
246,0.0,0.0,-0.0,2018-10-22,-0.10000000000000142,55.08
664,0.0,0.0,-0.0,2018-10-22,-0.10000000000000142,55.08
67,0.0,0.0,-0.0,2018-10-22,-0.10000000000000142,55.08
694,0.0,0.0,-0.0,2018-10-22,-0.10000000000000142,55.08
205,0.0,0.0,-0.0,2018-10-22,-0.10000000000000142,55.08
5064,0.0,0.0,-0.0,2018-10-22,-0.10000000000000142,55.08
67,0.11000000000000001,0.4177777777777777,-7.833318639218087e-09,2018-10-22,-0.10000000000000142,55.08
42,0.0,0.0,-0.0,2018-10-22,-0.10000000000000142,55.08
42,0.0,0.0,-0.0,2018-10-22,-0.10000000000000142,55.08
1055,0.0,0.0,-0.0,2018-10-22,-0.10000000000000142,55.08
42,0.0,0.0,-0.0,2018-10-22,-0.10000000000000142,55.08
17,0.0,0.0,-0.0,2018-10-22,-0.10000000000000142,55.08
42,0.0,0.0,-0.0,2018-10-22,-0.10000000000000142,55.08
42,0.0,0.0,-0.0,2018-10-22,-0.10000000000000142,55.08
42,0.0,0.75,-0.0,2018-10-22,-0.10000000000000142,55.08
42,0.0,0.0,-0.0,2018-10-22,-0.10000000000000142,55.08
42,0.0,0.0,-0.0,2018-10-22,-0.10000000000000142,55.08
42,0.0,0.0,-0.0,2018-10-22,-0.10000000000000142,55.08
42,0.0,0.0,-0.0,2018-10-22,-0.10000000000000142,55.08
42,0.0,0.0,-0.0,2018-10-22,-0.10000000000000142,55.08
139,0.0,0.1,-0.0,2018-10-22,-0.10000000000000142,55.08
674,0.0,0.0,-0.0,2018-10-22,-0.10000000000000142,55.08
297,0.0,0.0,-0.0,2018-10-22,-0.10000000000000142,55.08
1963,0.0,0.0,-0.0,2018-10-22,-0.10000000000000142,55.08
854,-0.5,1.0,1.0863276772754375e-06,2018-10-22,-0.10000000000000142,55.08
1963,0.0,0.0,-0.0,2018-10-22,-0.10000000000000142,55.08
674,0.0,0.0,-0.0,2018-10-22,-0.10000000000000142,55.08
1877,0.0,0.0,-0.0,2018-10-22,-0.10000000000000142,55.08
674,0.0,0.0,-0.0,2018-10-22,-0.10000000000000142,55.08
674,0.0,0.0,-0.0,2018-10-22,-0.10000000000000142,55.08
854,0.0,0.1,-0.0,2018-10-22,-0.10000000000000142,55.08
1055,0.0,0.0,-0.0,2018-10-22,-0.10000000000000142,55.08
17,0.0,0.0,-0.0,2018-10-22,-0.10000000000000142,55.08
10,0.0,0.0,-0.0,2018-10-22,-0.10000000000000142,55.08
1156,0.0,0.0,-0.0,2018-10-22,-0.10000000000000142,55.08
2626,0.0,0.0,-0.0,2018-10-22,-0.10000000000000142,55.08
4377,0.0,0.0,-0.0,2018-10-22,-0.10000000000000142,55.08
436,0.0,0.0,-0.0,2018-10-22,-0.10000000000000142,55.08
436,0.0,0.0,-0.0,2018-10-22,-0.10000000000000142,55.08
462,0.0,0.0,-0.0,2018-10-22,-0.10000000000000142,55.08
436,0.0,0.0,-0.0,2018-10-22,-0.10000000000000142,55.08
436,0.0,0.0,-0.0,2018-10-22,-0.10000000000000142,55.08
436,0.0,0.0,-0.0,2018-10-22,-0.10000000000000142,55.08
436,0.0,0.0,-0.0,2018-10-22,-0.10000000000000142,55.08
436,0.0,0.0,-0.0,2018-10-22,-0.10000000000000142,55.08
390,0.0,0.0,-0.0,2018-10-22,-0.10000000000000142,55.08
336,0.0,0.0,-0.0,2018-10-22,-0.10000000000000142,55.08
363,0.0,0.0,-0.0,2018-10-22,-0.10000000000000142,55.08
545,0.0,0.0,-0.0,2018-10-22,-0.10000000000000142,55.08
27,0.0,0.0,-0.0,2018-10-22,-0.10000000000000142,55.08
87,0.0,0.0,-0.0,2018-10-22,-0.10000000000000142,55.08
2091,0.0,0.0,-0.0,2018-10-22,-0.10000000000000142,55.08
192,0.0,0.0,-0.0,2018-10-22,-0.10000000000000142,55.08
1309,0.0,0.0,-0.0,2018-10-22,-0.10000000000000142,55.08
1833,0.0,0.0,-0.0,2018-10-22,-0.10000000000000142,55.08
130,0.0,0.0,-0.0,2018-10-22,-0.10000000000000142,55.08
2641,0.0,0.0,-0.0,2018-10-22,-0.10000000000000142,55.08
247,-0.75,1.0,2.508158277289537e-07,2018-10-22,-0.10000000000000142,55.08
2033,-0.3333333333333334,0.5,4.5875715499141973e-07,2018-10-22,-0.10000000000000142,55.08
1661,0.0,0.0,-0.0,2018-10-22,-0.10000000000000142,55.08
22,0.0,0.0,-0.0,2018-10-22,-0.10000000000000142,55.08
622,0.5,0.6,-2.526436353804198e-07,2018-10-22,-0.10000000000000142,55.08
247839,0.2857142857142857,0.5357142857142857,-5.1360773302913453e-05,2018-10-22,-0.10000000000000142,55.08
5045,0.0,0.0,-0.0,2018-10-22,-0.10000000000000142,55.08
1158,0.0,0.0,-0.0,2018-10-22,-0.10000000000000142,55.08
1140,0.0,0.0,-0.0,2018-10-22,-0.10000000000000142,55.08
449,0.0,0.0,-0.0,2018-10-22,-0.10000000000000142,55.08
290,0.0,0.0,-0.0,2018-10-22,-0.10000000000000142,55.08
18375,0.0,0.0,-0.0,2018-10-22,-0.10000000000000142,55.08
507,0.0,0.0,-0.0,2018-10-22,-0.10000000000000142,55.08
144,0.0,0.0,-0.0,2018-10-22,-0.10000000000000142,55.08
715,0.0,0.0,-0.0,2018-10-22,-0.10000000000000142,55.08
888,0.0,0.0,-0.0,2018-10-22,-0.10000000000000142,55.08
150,0.0,0.0,-0.0,2018-10-22,-0.10000000000000142,55.08
671,0.0,0.0,-0.0,2018-10-22,-0.10000000000000142,55.08
10652,0.0,0.0,-0.0,2018-10-22,-0.10000000000000142,55.08
66,0.0,0.0,-0.0,2018-10-22,-0.10000000000000142,55.08
1126,0.0,0.0,-0.0,2018-10-22,-0.10000000000000142,55.08
438,0.0,0.0,-0.0,2018-10-22,-0.10000000000000142,55.08
142,0.0,0.0,-0.0,2018-10-22,-0.10000000000000142,55.08
1461,0.0,0.0,-0.0,2018-10-22,-0.10000000000000142,55.08
5,0.0,0.0,-0.0,2018-10-22,-0.10000000000000142,55.08
208,0.0,0.0,-0.0,2018-10-22,-0.10000000000000142,55.08
2027,0.0,0.0,-0.0,2018-10-22,-0.10000000000000142,55.08
1160,0.0,0.0,-0.0,2018-10-22,-0.10000000000000142,55.08
426,0.6666666666666666,0.5666666666666667,-2.1789272447600333e-07,2018-10-22,-0.10000000000000142,55.08
247839,0.1,0.1625,-5.452802098992646e-06,2018-10-22,-0.10000000000000142,55.08
1031,0.0,0.0,-0.0,2018-10-22,-0.10000000000000142,55.08
256,0.0,0.0,-0.0,2018-10-22,-0.10000000000000142,55.08
170,-0.75,1.0,1.726262781940167e-07,2018-10-22,-0.10000000000000142,55.08
162,0.0,0.0,-0.0,2018-10-22,-0.10000000000000142,55.08
48,0.0,0.0,-0.0,2018-10-22,-0.10000000000000142,55.08
101,0.0,0.0,-0.0,2018-10-22,-0.10000000000000142,55.08
446,0.0,0.0,-0.0,2018-10-22,-0.10000000000000142,55.08
384,0.0,0.0,-0.0,2018-10-22,-0.10000000000000142,55.08
1146,0.0,0.0,-0.0,2018-10-22,-0.10000000000000142,55.08
1902,0.0,0.0,-0.0,2018-10-22,-0.10000000000000142,55.08
1267,0.0,0.0,-0.0,2018-10-22,-0.10000000000000142,55.08
1198,0.0,0.0,-0.0,2018-10-22,-0.10000000000000142,55.08
380,0.0,0.0,-0.0,2018-10-22,-0.10000000000000142,55.08
9149,0.0,0.0,-0.0,2018-10-22,-0.10000000000000142,55.08
80,0.0,0.0,-0.0,2018-10-22,-0.10000000000000142,55.08
7935,0.0,0.0,-0.0,2018-10-22,-0.10000000000000142,55.08
3689,0.0,0.0,-0.0,2018-10-22,-0.10000000000000142,55.08
2623,0.0,0.0,-0.0,2018-10-22,-0.10000000000000142,55.08
436,0.0,0.0,-0.0,2018-10-22,-0.10000000000000142,55.08
945,0.0,0.0,-0.0,2018-10-22,-0.10000000000000142,55.08
209,0.0,0.0,-0.0,2018-10-22,-0.10000000000000142,55.08
1113,0.0,0.0,-0.0,2018-10-22,-0.10000000000000142,55.08
313,0.0,0.0,-0.0,2018-10-22,-0.10000000000000142,55.08
517,0.0,0.0,-0.0,2018-10-22,-0.10000000000000142,55.08
379,-0.1625,0.3666666666666667,3.057459607608211e-08,2018-10-22,-0.10000000000000142,55.08
977,-0.15555555555555559,0.2888888888888889,5.9443948740335796e-08,2018-10-22,-0.10000000000000142,55.08
30,0.0,0.0,-0.0,2018-10-22,-0.10000000000000142,55.08
3699,0.0,0.0,-0.0,2018-10-22,-0.10000000000000142,55.08
1790,0.0,0.0,-0.0,2018-10-22,-0.10000000000000142,55.08
251,0.0,0.0,-0.0,2018-10-22,-0.10000000000000142,55.08
97,0.0,0.0,-0.0,2018-10-22,-0.10000000000000142,55.08
142,0.0,0.0,-0.0,2018-10-22,-0.10000000000000142,55.08
142,0.0,0.0,-0.0,2018-10-22,-0.10000000000000142,55.08
1453,0.0,0.0,-0.0,2018-10-22,-0.10000000000000142,55.08
2623,0.0,0.0,-0.0,2018-10-22,-0.10000000000000142,55.08
20,0.0,0.0,-0.0,2018-10-22,-0.10000000000000142,55.08
132,0.0,0.0,-0.0,2018-10-22,-0.10000000000000142,55.08
153,0.0,0.0,-0.0,2018-10-22,-0.10000000000000142,55.08
48,0.0,0.0,-0.0,2018-10-22,-0.10000000000000142,55.08
149,0.0,0.0,-0.0,2018-10-22,-0.10000000000000142,55.08
1453,0.15,0.6,-1.770536345053456e-07,2018-10-22,-0.10000000000000142,55.08
58,0.0,0.0,-0.0,2018-10-22,-0.10000000000000142,55.08
1465,-0.75,1.0,1.4876323385543203e-06,2018-10-22,-0.10000000000000142,55.08
2396,0.0,0.0,-0.0,2018-10-22,-0.10000000000000142,55.08
937,0.0,0.0,-0.0,2018-10-22,-0.10000000000000142,55.08
4283,0.0,0.0,-0.0,2018-10-22,-0.10000000000000142,55.08
262,-0.30714285714285716,0.8285714285714285,6.182405751270818e-08,2018-10-22,-0.10000000000000142,55.08
75,-0.30000000000000004,0.39999999999999997,8.345038585155306e-09,2018-10-22,-0.10000000000000142,55.08
622,0.0,0.0,-0.0,2018-10-22,-0.10000000000000142,55.08
95,0.0,0.0,-0.0,2018-10-22,-0.10000000000000142,55.08
1724,-0.16666666666666666,0.25555555555555554,6.808589917254695e-08,2018-10-22,-0.10000000000000142,55.08
393,0.0,0.0,-0.0,2018-10-22,-0.10000000000000142,55.08
633,0.0,0.0,-0.0,2018-10-22,-0.10000000000000142,55.08
1373,0.0,0.0,-0.0,2018-10-22,-0.10000000000000142,55.08
1377,0.05,0.1,-6.38395451764381e-09,2018-10-22,-0.10000000000000142,55.08
409840,0.0,1.0,-0.0,2018-10-22,-0.10000000000000142,55.08
10889,0.0,0.0,-0.0,2018-10-22,-0.10000000000000142,55.08
1630,-0.30714285714285716,0.8285714285714285,3.8463058681570356e-07,2018-10-22,-0.10000000000000142,55.08
24,0.21428571428571427,0.6428571428571429,-3.0655243782203164e-09,2018-10-22,-0.10000000000000142,55.08
502,0.0,0.0,-0.0,2018-10-22,-0.10000000000000142,55.08
5776,0.0,0.0,-0.0,2018-10-22,-0.10000000000000142,55.08
1378,0.0,0.0,-0.0,2018-10-22,-0.10000000000000142,55.08
48,0.0,0.0,-0.0,2018-10-22,-0.10000000000000142,55.08
35,0.09999999999999998,0.6,-1.947175669869571e-09,2018-10-22,-0.10000000000000142,55.08
377,0.0,0.0,-0.0,2018-10-22,-0.10000000000000142,55.08
544,0.6,1.0,-3.026467326882991e-07,2018-10-22,-0.10000000000000142,55.08
1376,0.0,0.0,-0.0,2018-10-22,-0.10000000000000142,55.08
1234,0.0,0.0,-0.0,2018-10-22,-0.10000000000000142,55.08
5,-0.30000000000000004,0.39999999999999997,5.563359056770205e-10,2018-10-22,-0.10000000000000142,55.08
476,-0.4285714285714286,0.730952380952381,1.382627186537319e-07,2018-10-22,-0.10000000000000142,55.08
421,0.0,0.0,-0.0,2018-10-22,-0.10000000000000142,55.08
926,0.0,0.0,-0.0,2018-10-22,-0.10000000000000142,55.08
678,-0.25,0.5,7.858244667687913e-08,2018-10-22,-0.10000000000000142,55.08
364,0.0,0.0,-0.0,2018-10-22,-0.10000000000000142,55.08
475,0.35,0.6000000000000001,-9.249084431880465e-08,2018-10-22,-0.10000000000000142,55.08
98,0.35,0.6000000000000001,-1.9082321564721804e-08,2018-10-22,-0.10000000000000142,55.08
71,0.0,0.0,-0.0,2018-10-22,-0.10000000000000142,55.08
58,0.03333333333333333,0.06666666666666667,-1.1950919455284143e-10,2018-10-22,-0.10000000000000142,55.08
1250,0.0,0.5,-0.0,2018-10-22,-0.10000000000000142,55.08
198,0.5,0.9,-8.261588199303755e-08,2018-10-22,-0.10000000000000142,55.08
48,0.0,0.0,-0.0,2018-10-22,-0.10000000000000142,55.08
961,0.0,0.0,-0.0,2018-10-22,-0.10000000000000142,55.08
148,0.0,0.0,-0.0,2018-10-22,-0.10000000000000142,55.08
1883,0.8,0.7,-9.77741809697174e-07,2018-10-22,-0.10000000000000142,55.08
425,0.13636363636363635,0.45454545454545453,-2.4425904949662568e-08,2018-10-22,-0.10000000000000142,55.08
647,0.0,0.0,-0.0,2018-10-22,-0.10000000000000142,55.08
167,0.16666666666666666,0.3333333333333333,-8.602601504450223e-09,2018-10-22,-0.10000000000000142,55.08
255,0.0,0.0,-0.0,2018-10-22,-0.10000000000000142,55.08
255,-0.08333333333333333,0.5833333333333334,1.1493745273535665e-08,2018-10-22,-0.10000000000000142,55.08
4249,0.1,0.4,-1.5759141754811068e-07,2018-10-22,-0.10000000000000142,55.08
4765,-0.4666666666666666,0.8666666666666667,1.786930324001046e-06,2018-10-22,-0.10000000000000142,55.08
189,0.2,0.30000000000000004,-1.051474861729569e-08,2018-10-22,-0.10000000000000142,55.08
1985,0.3833333333333333,0.5166666666666667,-3.6453008749269227e-07,2018-10-22,-0.10000000000000142,55.08
1865,0.390625,0.5,-3.3774950002852966e-07,2018-10-22,-0.10000000000000142,55.08
65,0.0,0.0,-0.0,2018-10-22,-0.10000000000000142,55.08
300,0.0,0.0,-0.0,2018-10-22,-0.10000000000000142,55.08
26031,0.2875,0.5125,-3.556382058052042e-06,2018-10-22,-0.10000000000000142,55.08
2527,-0.04583333333333334,0.37083333333333335,3.982458785125198e-08,2018-10-22,-0.10000000000000142,55.08
90,0.2,0.35,-5.841527009608714e-09,2018-10-22,-0.10000000000000142,55.08
313,0.0,0.0,-0.0,2018-10-22,-0.10000000000000142,55.08
576,0.0,0.0,-0.0,2018-10-22,-0.10000000000000142,55.08
41,-0.32777777777777783,0.5777777777777778,7.199627664948669e-09,2018-10-22,-0.10000000000000142,55.08
592,0.0,0.0,-0.0,2018-10-22,-0.10000000000000142,55.08
127,0.0,0.0,-0.0,2018-10-22,-0.10000000000000142,55.08
481,0.0,0.0,-0.0,2018-10-22,-0.10000000000000142,55.08
1979,0.0,0.0,-0.0,2018-10-22,-0.10000000000000142,55.08
454,-0.3,0.6,7.577295035321019e-08,2018-10-22,-0.10000000000000142,55.08
52,-0.6999999999999998,0.6666666666666666,2.250069662960393e-08,2018-10-22,-0.10000000000000142,55.08
935,0.05,0.30000000000000004,-1.3004351795200354e-08,2018-10-22,-0.10000000000000142,55.08
320,0.2857142857142857,0.5357142857142857,-4.5415175973634316e-08,2018-10-22,-0.10000000000000142,55.08
59,0.0,1.0,-0.0,2018-10-22,-0.10000000000000142,55.08
267,-0.30714285714285716,0.8285714285714285,6.300390593852322e-08,2018-10-22,-0.10000000000000142,55.08
419,-0.04583333333333334,0.37083333333333335,6.603285441105888e-09,2018-10-22,-0.10000000000000142,55.08
243,0.0,0.0,-0.0,2018-10-22,-0.10000000000000142,55.08
2087,-0.4125,0.9,7.184139404977888e-07,2018-10-22,-0.10000000000000142,55.08
3392,-0.30714285714285716,0.8285714285714285,8.004091720729242e-07,2018-10-22,-0.10000000000000142,55.08
358,-0.30714285714285716,0.8285714285714285,8.447714728835699e-08,2018-10-22,-0.10000000000000142,55.08
359,0.9,1.0,-2.995868852070755e-07,2018-10-22,-0.10000000000000142,55.08
27,0.375,0.75,-7.041126306224789e-09,2018-10-22,-0.10000000000000142,55.08
502,0.0,1.0,-0.0,2018-10-22,-0.10000000000000142,55.08
3273,0.0,0.0,-0.0,2018-10-22,-0.10000000000000142,55.08
55,0.0,0.0,-0.0,2018-10-22,-0.10000000000000142,55.08
577,0.0,0.1,-0.0,2018-10-22,-0.10000000000000142,55.08
1505,0.1,0.8,-1.116380717391888e-07,2018-10-22,-0.10000000000000142,55.08
440,0.5,0.8,-1.6319186566525934e-07,2018-10-22,-0.10000000000000142,55.08
67,-0.75,1.0,4.6593132100450466e-08,2018-10-22,-0.10000000000000142,55.08
1701,0.0,0.0,-0.0,2018-10-22,-0.10000000000000142,55.08
2982,0.0,0.0,-0.0,2018-10-22,-0.10000000000000142,55.08
682,0.0,0.0,-0.0,2018-10-22,-0.10000000000000142,55.08
692,0.4333333333333333,0.7333333333333333,-2.038991699339823e-07,2018-10-22,-0.10000000000000142,55.08
667,0.1,0.35,-2.1646102863383403e-08,2018-10-22,-0.10000000000000142,55.08
278,-0.06666666666666665,0.6,1.031075878521411e-08,2018-10-22,-0.10000000000000142,55.08
53,0.0,0.0,-0.0,2018-10-22,-0.10000000000000142,55.08
310,0.0,0.0,-0.0,2018-10-22,-0.10000000000000142,55.08
395,0.0,0.0,-0.0,2018-10-22,-0.10000000000000142,55.08
687,0.0,0.1,-0.0,2018-10-22,-0.10000000000000142,55.08
751,0.5,0.6,-2.0890413258172116e-07,2018-10-22,-0.10000000000000142,55.08
12562,0.0,0.0,-0.0,2018-10-22,-0.10000000000000142,55.08
211,0.2589285714285714,0.3672619047619048,-1.8604763446170397e-08,2018-10-22,-0.10000000000000142,55.08
142,0.08333333333333333,0.16666666666666666,-1.8286967269939097e-09,2018-10-22,-0.10000000000000142,55.08
82278,0.0,0.0,-0.0,2018-10-22,-0.10000000000000142,55.08
245,0.5,1.0,-1.1358524740905834e-07,2018-10-22,-0.10000000000000142,55.08
81,0.0,0.0,-0.0,2018-10-22,-0.10000000000000142,55.08
295,0.22619047619047616,0.5178571428571428,-3.203997299754509e-08,2018-10-22,-0.10000000000000142,55.08
21,0.05,0.45,-4.3811452572065365e-10,2018-10-22,-0.10000000000000142,55.08
479,0.0,0.0,-0.0,2018-10-22,-0.10000000000000142,55.08
160,-1.0,1.0,6.881449643732251e-08,2018-10-22,-0.10000000000000142,55.08
15090,0.16818181818181818,0.6772727272727274,-7.392508356897846e-07,2018-10-22,-0.10000000000000142,55.08
29,0.35,0.55,-2.4009807897584555e-09,2018-10-22,-0.10000000000000142,55.08
453,-0.15,0.8,2.337972516458032e-08,2018-10-22,-0.10000000000000142,55.08
318,0.0,0.2,-0.0,2018-10-22,-0.10000000000000142,55.08
19,0.0,0.0,-0.0,2018-10-22,-0.10000000000000142,55.08
535,0.0,0.0,-0.0,2018-10-22,-0.10000000000000142,55.08
1070260,0.2380952380952381,0.5201058201058201,-5.700220703163552e-05,2018-10-22,-0.10000000000000142,55.08
409,0.10714285714285714,0.5714285714285714,-1.0769819786810549e-08,2018-10-22,-0.10000000000000142,55.08
502,0.10714285714285714,0.5714285714285714,-1.3218703014618327e-08,2018-10-22,-0.10000000000000142,55.08
170,0.25,0.25,-4.569712654040948e-09,2018-10-22,-0.10000000000000142,55.08
268,0.25,0.25,-7.2040175957822e-09,2018-10-22,-0.10000000000000142,55.08
256,0.25,0.25,-6.881449643732251e-09,2018-10-22,-0.10000000000000142,55.08
70,0.25,0.25,-1.8816463869580374e-09,2018-10-22,-0.10000000000000142,55.08
1642,0.5,0.5,-1.7655219242200557e-07,2018-10-22,-0.10000000000000142,55.08
589,0.25,0.25,-1.5832710313118342e-08,2018-10-22,-0.10000000000000142,55.08
1150,0.25,0.25,-3.091276207145347e-08,2018-10-22,-0.10000000000000142,55.08
100,0.25,0.25,-2.6880662670829103e-09,2018-10-22,-0.10000000000000142,55.08
63,0.25,0.25,-1.6934817482622335e-09,2018-10-22,-0.10000000000000142,55.08
1524,0.25,0.25,-4.096612991034356e-08,2018-10-22,-0.10000000000000142,55.08
1171,0.0,0.0,-0.0,2018-10-22,-0.10000000000000142,55.08
170,0.14500000000000002,0.5383333333333332,-5.707266457386874e-09,2018-10-22,-0.10000000000000142,55.08
1224,0.14500000000000002,0.5383333333333332,-4.1092318493185487e-08,2018-10-22,-0.10000000000000142,55.08
262,0.14500000000000002,0.5383333333333332,-8.795904775502124e-09,2018-10-22,-0.10000000000000142,55.08
130,-0.35,0.4625,9.05071912126816e-09,2018-10-22,-0.10000000000000142,55.08
554,0.2,0.2,-9.53080775656917e-09,2018-10-22,-0.10000000000000142,55.08
369,0.25,0.25,-9.91896452553594e-09,2018-10-22,-0.10000000000000142,55.08
1972,0.2,0.2,-3.3925546743600003e-08,2018-10-22,-0.10000000000000142,55.08
9,1.0,0.3,-1.1612446273798173e-09,2018-10-22,-0.10000000000000142,55.08
76,0.45,0.65,-9.560914098760497e-09,2018-10-22,-0.10000000000000142,55.08
1310,0.25,0.25,-3.521366809878613e-08,2018-10-22,-0.10000000000000142,55.08
964,0.25,0.25,-2.5912958814679255e-08,2018-10-22,-0.10000000000000142,55.08
858,0.25,0.25,-2.3063608571571372e-08,2018-10-22,-0.10000000000000142,55.08
1391,0.0,0.6,-0.0,2018-10-22,-0.10000000000000142,55.08
3128,0.25,0.25,-8.408271283435343e-08,2018-10-22,-0.10000000000000142,55.08
383,0.5,0.5,-4.118117521171019e-08,2018-10-22,-0.10000000000000142,55.08
6331,0.5,0.5,-6.807259014760763e-07,2018-10-22,-0.10000000000000142,55.08
6332,0.5,0.625,-8.510417801584495e-07,2018-10-22,-0.10000000000000142,55.08
213,0.0,0.0,-0.0,2018-10-22,-0.10000000000000142,55.08
15,0.2130681818181818,0.45454545454545453,-6.248087914190649e-10,2018-10-22,-0.10000000000000142,55.08
286,0.0,0.0,-0.0,2018-10-22,-0.10000000000000142,55.08
138,0.0,0.0,-0.0,2018-10-22,-0.10000000000000142,55.08
294,0.4375,0.41666666666666663,-2.3050168240235953e-08,2018-10-22,-0.10000000000000142,55.08
442,0.55,0.8500000000000001,-8.887177169578837e-08,2018-10-22,-0.10000000000000142,55.08
20,0.25,0.25,-5.376132534165821e-10,2018-10-22,-0.10000000000000142,55.08
2678,0.06666666666666667,0.32222222222222224,-2.4741997325533985e-08,2018-10-22,-0.10000000000000142,55.08
2155,0.018181818181818174,0.2772727272727273,-4.672525634900943e-09,2018-10-22,-0.10000000000000142,55.08
620,0.25,0.25,-1.6666010855914043e-08,2018-10-22,-0.10000000000000142,55.08
2211,0.018181818181818174,0.2772727272727273,-4.793946254647789e-09,2018-10-22,-0.10000000000000142,55.08
141,0.0,0.0,-0.0,2018-10-22,-0.10000000000000142,55.08
256,0.0,0.0,-0.0,2018-10-22,-0.10000000000000142,55.08
1133,0.25,0.25,-3.0455790806049375e-08,2018-10-22,-0.10000000000000142,55.08
579,-0.16666666666666666,0.43333333333333335,1.7984955370962725e-08,2018-10-22,-0.10000000000000142,55.08
2984,-0.025,0.23333333333333334,7.486443758243712e-09,2018-10-22,-0.10000000000000142,55.08
5442,0.13636363636363635,0.45454545454545453,-1.4507560289717553e-07,2018-10-22,-0.10000000000000142,55.08
1195,0.25,0.25,-3.212239189164078e-08,2018-10-22,-0.10000000000000142,55.08
2723,0.25,0.25,-7.319604445266766e-08,2018-10-22,-0.10000000000000142,55.08
9,0.0,0.0,-0.0,2018-10-22,-0.10000000000000142,55.08
190,0.2,0.3,-4.903032871159228e-09,2018-10-22,-0.10000000000000142,55.08
569,-0.16666666666666666,0.43333333333333335,1.767433438009981e-08,2018-10-22,-0.10000000000000142,55.08
47,-0.025,0.23333333333333334,1.17916506916037e-10,2018-10-22,-0.10000000000000142,55.08
245,0.13636363636363635,0.45454545454545453,-6.5313345663006245e-09,2018-10-22,-0.10000000000000142,55.08
152,0.0,0.0,-0.0,2018-10-22,-0.10000000000000142,55.08
112,0.5166666666666666,0.55,-1.3688350249657403e-08,2018-10-22,-0.10000000000000142,55.08
356,0.25,0.25,-9.569515910815162e-09,2018-10-22,-0.10000000000000142,55.08
2361,0.25,0.25,-6.346524456582752e-08,2018-10-22,-0.10000000000000142,55.08
467,0.4875,0.8,-7.833240147580967e-08,2018-10-22,-0.10000000000000142,55.08
0,0.25,0.25,-0.0,2018-10-22,-0.10000000000000142,55.08
312,-0.04242424242424244,0.503030303030303,2.8636688241933723e-09,2018-10-22,-0.10000000000000142,55.08
1070260,0.0,0.0,-0.0,2018-10-22,-0.10000000000000142,55.08
916,-0.21666666666666667,0.8333333333333333,7.113220690760731e-08,2018-10-22,-0.10000000000000142,55.08
194,0.03333333333333333,0.7000000000000001,-1.946876795039249e-09,2018-10-22,-0.10000000000000142,55.08
136,0.25,0.25,-3.655770123232758e-09,2018-10-22,-0.10000000000000142,55.08
72,0.25,0.25,-1.9354077122996957e-09,2018-10-22,-0.10000000000000142,55.08
106,0.25,0.25,-2.849350243107885e-09,2018-10-22,-0.10000000000000142,55.08
81,0.3,0.5,-5.225600823209178e-09,2018-10-22,-0.10000000000000142,55.08
166,0.0,0.0,-0.0,2018-10-22,-0.10000000000000142,55.08
67,0.25,0.25,-1.80100439894555e-09,2018-10-22,-0.10000000000000142,55.08
1792,0.15000000000000002,0.6000000000000001,-6.93650124088211e-08,2018-10-22,-0.10000000000000142,55.08
264,0.4,0.8,-3.633405411890629e-08,2018-10-22,-0.10000000000000142,55.08
355,0.25,0.25,-9.542635248144331e-09,2018-10-22,-0.10000000000000142,55.08
522,-0.04375,0.45,4.419987362964429e-09,2018-10-22,-0.10000000000000142,55.08
1864,0.25,0.25,-5.010555521842545e-08,2018-10-22,-0.10000000000000142,55.08
159,0.25,0.25,-4.274025364661827e-09,2018-10-22,-0.10000000000000142,55.08
3337,0.25,0.25,-8.970077133255672e-08,2018-10-22,-0.10000000000000142,55.08
13141,0.35333333333333333,0.48,-9.585487755438265e-07,2018-10-22,-0.10000000000000142,55.08
26,0.1375,0.6875,-1.0570820595303547e-09,2018-10-22,-0.10000000000000142,55.08
1221,0.2833333333333333,0.8166666666666668,-1.215117059460515e-07,2018-10-22,-0.10000000000000142,55.08
24,-0.6,0.9,5.5739742114231236e-09,2018-10-22,-0.10000000000000142,55.08
991,0.5,0.8888888888888888,-1.8943101658162944e-07,2018-10-22,-0.10000000000000142,55.08
41,0.05,0.5125,-4.518639394966373e-10,2018-10-22,-0.10000000000000142,55.08
1279,-0.2916666666666667,0.5416666666666666,8.690592909986469e-08,2018-10-22,-0.10000000000000142,55.08
635,0.0,0.0,-0.0,2018-10-22,-0.10000000000000142,55.08
145,0.4,0.8,-1.9956203966823528e-08,2018-10-22,-0.10000000000000142,55.08
493,0.25,0.25,-1.3252166696718749e-08,2018-10-22,-0.10000000000000142,55.08
104,0.25,0.25,-2.795588917766227e-09,2018-10-22,-0.10000000000000142,55.08
260,0.3,0.7999999999999999,-2.683765361055577e-08,2018-10-22,-0.10000000000000142,55.08
14133,0.45,0.8500000000000001,-2.3250149618241865e-06,2018-10-22,-0.10000000000000142,55.08
1541,0.25,0.25,-4.142310117574765e-08,2018-10-22,-0.10000000000000142,55.08
354,0.7,0.6000000000000001,-6.394587081438195e-08,2018-10-22,-0.10000000000000142,55.08
