TSLA,0,-4.6240669943564505,2018-10-05,274.65,261.95,274.88,260.0,17944537.0
TSLA,0,-5.277483744140323,2018-10-08,264.52,250.56,267.7599,249.0,13472653.0
TSLA,1,2.957884427032326,2018-10-09,255.25,262.8,266.77,253.3,12060574.0
TSLA,0,-2.921280374891356,2018-10-10,264.61,256.88,265.51,247.77,12815278.0
TSLA,0,-2.0580126587193663,2018-10-11,257.53,252.23,262.25,249.03,8167738.0
TSLA,0,-0.8505747126436887,2018-10-12,261.0,258.78,261.99,252.01,7201404.0
TSLA,1,0.2045858102370002,2018-10-15,259.06,259.59,263.28,254.5367,6199965.0
TSLA,1,4.098607452013544,2018-10-16,265.7,276.59,277.375,262.24,9526401.0
TSLA,0,-3.7606232294617583,2018-10-17,282.4,271.78,282.7,265.8032,8655542.0
TSLA,0,-1.9978461881243252,2018-10-18,269.29,263.91,271.0,263.0,5421184.0
TSLA,0,-2.763753319121877,2018-10-19,267.39,260.0,269.66,253.5,9375549.0
TSLA,1,0.10357526469233613,2018-10-22,260.68,260.95,261.86,252.59,5600260.0
TSLA,1,11.471557964149005,2018-10-23,263.87,294.14,297.93,262.1,19027753.0
TSLA,0,-4.168742733765159,2018-10-24,301.05,288.5,304.44,285.73,20058258.0
TSLA,0,-0.7439631801273607,2018-10-25,317.22,314.86,321.0,301.01,20840724.0
TSLA,1,7.347931873479312,2018-10-26,308.25,330.9,339.9,306.65,27425520.0
TSLA,0,-0.7763653065457683,2018-10-29,337.47,334.85,347.16,326.5,14486027.0
TSLA,1,0.45981911751271076,2018-10-30,328.39,329.9,337.8999,322.26,9126704.0
TSLA,1,1.437421062127856,2018-10-31,332.54,337.32,342.0,329.1,7624348.0
TSLA,1,1.7796960917637268,2018-11-01,338.26,344.28,347.84,334.725,8000132.0
TSLA,1,0.7767498690871053,2018-11-02,343.74,346.41,349.2,340.91,7807971.0
TSLA,1,0.26431718061673337,2018-11-05,340.5,341.4,343.955,330.14,7831048.0
TSLA,1,0.5868994602884388,2018-11-06,339.07,341.06,348.8,336.09,6762889.0
TSLA,1,1.4038562358012612,2018-11-07,343.34,348.16,351.18,340.8,7374522.0
TSLA,1,0.8321377331420308,2018-11-08,348.5,351.4,357.5755,348.44,7090674.0
TSLA,1,0.43266475644698876,2018-11-09,349.0,350.51,354.0,345.23,5098846.0
TSLA,0,-4.9057037058300175,2018-11-12,348.37,331.28,349.78,330.34,6941523.0
TSLA,1,1.671869372073476,2018-11-13,333.16,338.73,344.7,332.2,5448597.0
TSLA,1,0.3793405310767468,2018-11-14,342.7,344.0,347.11,337.15,5040287.0
TSLA,1,1.7848275056232332,2018-11-15,342.33,348.44,348.58,339.04,4625719.0
TSLA,1,2.642023233581507,2018-11-16,345.19,354.31,355.7,345.1201,7206191.0
TSLA,0,-0.8054105629454869,2018-11-19,356.34,353.47,366.75,352.88,9708871.0
TSLA,1,1.6795903438185835,2018-11-20,341.75,347.49,349.8,333.55,8004709.0
TSLA,0,-3.923295454545455,2018-11-21,352.0,338.19,353.1,337.3995,4686808.0
TSLA,0,-2.546770551376585,2018-11-23,334.345,325.83,337.5,325.55,4202642.0
AAPL,0,-1.6099581189906615,2018-10-05,227.1674,223.5101,227.6158,219.813,33580463.0
AAPL,1,0.7020494279647402,2018-10-08,221.4374,222.992,224.0184,219.4344,29663923.0
AAPL,1,1.444299262684054,2018-10-09,222.8624,226.0812,226.4798,221.4735,26891029.0
AAPL,0,-4.036210349031338,2018-10-10,224.6761,215.6077,225.563,215.2988,41990554.0
AAPL,0,-0.032604511023557874,2018-10-11,213.7741,213.7044,218.7368,211.5818,53124392.0
AAPL,1,0.766707215360914,2018-10-12,219.6536,221.3377,222.105,216.086,40337851.0
AAPL,0,-1.7182189835338102,2018-10-15,220.391,216.6042,221.0587,216.5146,30791007.0
AAPL,1,1.470787757002833,2018-10-16,218.1688,221.3776,222.2147,216.009,29183963.0
AAPL,0,-0.4993519980173989,2018-10-17,221.5271,220.4209,221.8659,218.5774,22885397.0
AAPL,0,-0.8445780219020923,2018-10-18,217.1025,215.2689,218.976,212.2594,32581315.0
AAPL,1,0.5732580217927453,2018-10-19,217.3018,218.5475,220.4907,216.674,33078726.0
AAPL,1,0.3912781051364722,2018-10-22,219.0258,219.8828,222.5834,218.1787,28792082.0
AAPL,1,3.1969559177160476,2018-10-23,215.0796,221.9556,222.4738,213.9535,38767846.0
AAPL,0,-3.3737704326814737,2018-10-24,221.826,214.3421,223.4504,213.794,40925163.0
AAPL,1,0.9600235995814724,2018-10-25,216.953,219.0358,220.6103,215.9964,29855768.0
AAPL,1,0.1852666961965424,2018-10-26,215.1493,215.5479,219.4244,211.9305,47258375.0
AAPL,0,-3.1707945734038483,2018-10-29,218.4279,211.502,218.9261,205.3734,45935520.0
AAPL,1,1.018269540595343,2018-10-30,210.4158,212.5584,214.4318,208.5424,36659990.0
AAPL,1,0.9129400964900496,2018-10-31,216.1259,218.099,219.6835,215.8668,38358933.0
AAPL,1,1.4471222474487957,2018-11-01,218.2884,221.4473,221.5869,216.0562,58323180.0
AAPL,0,-0.987829791391117,2018-11-02,208.8214,206.7586,212.9071,204.7157,91328654.0
AAPL,0,-1.3264430010177224,2018-11-05,203.5896,200.8891,203.6793,197.481,66163669.0
AAPL,1,0.9162206742044368,2018-11-06,201.2179,203.0615,204.0082,200.9887,31882881.0
AAPL,1,1.9323393769079968,2018-11-07,205.2538,209.22,209.3296,203.4202,33424434.0
AAPL,0,-0.7095913896561485,2018-11-08,209.98,208.49,210.12,206.75,25362636.0
AAPL,0,-0.5254196059353017,2018-11-09,205.55,204.47,206.01,202.25,34365750.0
AAPL,0,-2.427135678391966,2018-11-12,199.0,194.17,199.85,193.79,51135518.0
AAPL,1,0.31310337629807145,2018-11-13,191.63,192.23,197.18,191.4501,46882936.0
AAPL,0,-3.661681279009796,2018-11-14,193.9,186.8,194.48,185.93,60800957.0
AAPL,1,1.6030574871277723,2018-11-15,188.39,191.41,191.97,186.9,46478801.0
AAPL,1,1.5905511811023627,2018-11-16,190.5,193.53,194.9695,189.46,36928253.0
AAPL,0,-2.1789473684210456,2018-11-19,190.0,185.86,190.7,184.99,41920872.0
AAPL,0,-0.7792790267421734,2018-11-20,178.37,176.98,181.47,175.51,67825247.0
AAPL,0,-1.6413509152617756,2018-11-21,179.73,176.78,180.27,176.55,31124210.0
AAPL,0,-1.5148050760260692,2018-11-23,174.94,172.29,176.595,172.1,23623972.0
FB,0,-1.1808303498523933,2018-10-05,159.21,157.33,160.9,156.2,25744047.0
FB,1,1.0993956538511045,2018-10-08,155.54,157.25,158.34,154.39,24045968.0
FB,1,0.13317268057581835,2018-10-09,157.69,157.9,160.59,157.42,18844425.0
FB,0,-3.4689452875908673,2018-10-10,156.82,151.38,157.69,151.31,30609970.0
FB,1,2.144807833211216,2018-10-11,150.13,153.35,154.81,149.16,35338901.0
FB,0,-1.9077394244879606,2018-10-12,156.73,153.74,156.89,151.2998,25293492.0
FB,1,0.13044612575007636,2018-10-15,153.32,153.52,155.57,152.55,15433521.0
FB,1,2.175032175032172,2018-10-16,155.4,158.78,159.46,155.01,19180095.0
FB,0,-0.08774128854350387,2018-10-17,159.56,159.42,160.49,157.95,17592003.0
FB,0,-2.2648413349315524,2018-10-18,158.51,154.92,158.66,153.28,21675084.0
FB,0,-1.1612986013088684,2018-10-19,155.86,154.05,157.35,153.55,19761347.0
FB,1,0.012923235978295575,2018-10-22,154.76,154.78,157.34,154.46,15424658.0
FB,1,2.0962835603756034,2018-10-23,151.22,154.39,154.77,150.85,19095032.0
FB,0,-5.340938553279757,2018-10-24,154.28,146.04,154.65,145.6,27744597.0
FB,1,2.1796520679618214,2018-10-25,147.73,150.95,152.21,147.0,22105696.0
FB,0,-0.30859964339595986,2018-10-26,145.82,145.37,149.0,143.8,31303341.0
FB,0,-4.316498316498314,2018-10-29,148.5,142.09,148.83,139.03,31336784.0
FB,1,4.491370993675633,2018-10-30,139.935,146.22,146.64,139.7419,50528278.0
FB,0,-2.070967741935489,2018-10-31,155.0,151.79,156.4,148.96,60101251.0
FB,1,0.15179514255543147,2018-11-01,151.52,151.75,152.75,149.35,25640786.0
FB,0,-0.9552042160737925,2018-11-02,151.8,150.35,154.13,148.96,24708695.0
FB,0,-0.946035976015981,2018-11-05,150.1,148.68,150.19,147.44,15969849.0
FB,1,0.42194092827003915,2018-11-06,149.31,149.94,150.97,148.0,16667124.0
FB,0,-0.02639044665830444,2018-11-07,151.57,151.53,153.01,149.83,21877372.0
FB,0,-1.740979467074227,2018-11-08,150.49,147.87,150.94,146.74,24145814.0
FB,0,-1.219761499148206,2018-11-09,146.75,144.96,147.76,144.07,17326898.0
FB,0,-2.027962347729775,2018-11-12,144.48,141.55,145.04,140.4899,18542123.0
FB,1,0.11267605633802577,2018-11-13,142.0,142.16,144.88,141.62,15141710.0
FB,1,0.36186499652053605,2018-11-14,143.7,144.22,145.58,141.55,22068384.0
FB,1,1.0679407011873687,2018-11-15,142.33,143.85,144.84,140.83,30320280.0
FB,0,-1.091656624370874,2018-11-16,141.07,139.53,141.77,137.77,37250560.0
FB,0,-4.403749727490736,2018-11-19,137.61,131.55,137.75,131.21,44362729.0
FB,1,4.250964339132493,2018-11-20,127.03,132.43,134.1592,126.85,41939475.0
FB,1,0.3124999999999907,2018-11-21,134.4,134.82,137.19,134.13,25469735.0
FB,0,-1.4365881032547818,2018-11-23,133.65,131.73,134.5,131.2551,11886128.0
MSFT,0,-0.443976402105835,2018-10-05,112.1456,111.6477,112.6833,110.1641,29068859.0
MSFT,0,-0.7254022092162506,2018-10-08,111.1797,110.3732,111.5482,108.8697,29640588.0
MSFT,1,1.0077533389962112,2018-10-09,110.662,111.7772,112.5936,110.3234,26198594.0
MSFT,0,-4.566745153555022,2018-10-10,110.7616,105.7034,111.0204,105.335,61376315.0
MSFT,1,0.5315695697394238,2018-10-11,104.8969,105.4545,108.4615,103.7518,63904282.0
MSFT,1,0.5137224516795883,2018-10-12,108.5411,109.0987,110.7616,106.6593,47742109.0
MSFT,0,-1.202859419263444,2018-10-15,108.4416,107.1372,109.0091,106.4868,32068103.0
MSFT,1,1.3328272312272313,2018-10-16,109.0689,110.5226,110.9308,108.4814,31610164.0
MSFT,0,-0.8686174513060779,2018-10-17,111.1997,110.2338,111.3291,109.077,26548243.0
MSFT,0,-1.4532982444938003,2018-10-18,109.6265,108.0333,110.0546,107.3662,32506192.0
MSFT,0,-0.2478298751169759,2018-10-19,108.4615,108.1927,110.3832,107.7446,32785475.0
MSFT,1,0.2836018072610163,2018-10-22,108.8498,109.1585,110.0646,107.7745,26545607.0
MSFT,1,0.3062256247291585,2018-10-23,107.3065,107.6351,108.5013,104.6579,43770429.0
MSFT,0,-5.6175580418310656,2018-10-24,107.9437,101.8799,108.0234,101.1532,63897759.0
MSFT,1,1.6424470528797186,2018-10-25,106.0917,107.8342,108.8,105.6934,61646819.0
MSFT,1,1.2016868848315316,2018-10-26,105.2354,106.5,108.2823,104.3094,55523104.0
MSFT,0,-3.9359903381642503,2018-10-29,107.64,103.4033,108.2325,101.1929,55162001.0
MSFT,1,0.06752946784453828,2018-10-30,103.2142,103.2839,103.9311,99.6794,65350878.0
MSFT,1,1.3041345379900298,2018-10-31,104.9815,106.3506,107.6749,104.9367,51062383.0
MSFT,0,-1.0556376982369824,2018-11-01,106.5896,105.4644,106.8584,105.0761,33384201.0
MSFT,0,-0.3005036690498232,2018-11-02,106.022,105.7034,106.8584,104.5235,37680194.0
MSFT,1,1.0717337424761086,2018-11-05,105.9125,107.0476,107.2766,105.4445,27922144.0
MSFT,1,0.3165971742883777,2018-11-06,106.9182,107.2567,108.3719,105.8229,24340248.0
MSFT,1,2.3026668979244547,2018-11-07,108.9693,111.4785,111.7573,108.9295,37901704.0
MSFT,0,-0.04464642635450826,2018-11-08,111.3191,111.2694,111.7274,110.433,25644105.0
MSFT,0,-1.15471871794965,2018-11-09,110.3732,109.0987,110.9707,108.2922,32039223.0
MSFT,0,-2.3304396352802326,2018-11-12,108.9494,106.4104,109.4871,105.6437,33621807.0
MSFT,0,-0.5671068678481401,2018-11-13,107.0874,106.4801,108.2723,106.1813,35374583.0
MSFT,0,-2.8954671600369988,2018-11-14,108.1,104.97,108.26,104.47,39495141.0
MSFT,1,2.181160110486719,2018-11-15,104.99,107.28,107.8,103.91,38505165.0
MSFT,1,1.1299962644751662,2018-11-16,107.08,108.29,108.88,106.8,33502121.0
MSFT,0,-3.371201625565708,2018-11-19,108.27,104.62,108.56,103.55,44773899.0
MSFT,0,-0.0884086444007892,2018-11-20,101.8,101.71,102.97,99.3528,64052457.0
MSFT,0,-0.47297297297296803,2018-11-21,103.6,103.11,104.43,102.24,28130621.0
MSFT,1,0.88088479984339,2018-11-23,102.17,103.07,103.8099,102.0,13823099.0
GOOGL,0,-0.6947278911564688,2018-10-05,1176.0,1167.83,1182.0,1154.32,1593012.0
GOOGL,0,-0.3517241379310282,2018-10-08,1160.0,1155.92,1175.86,1135.4,2309539.0
GOOGL,0,-0.5333055389078417,2018-10-09,1151.31,1145.17,1161.55,1144.17,1684728.0
GOOGL,0,-3.8929954241464273,2018-10-10,1136.4,1092.16,1137.02,1091.51,2949006.0
GOOGL,1,1.0842971530249153,2018-10-11,1079.04,1090.74,1116.06,1075.89,3384775.0
GOOGL,1,0.08038298024363755,2018-10-12,1119.64,1120.54,1125.83,1095.03,2468920.0
GOOGL,0,-1.3917710196779915,2018-10-15,1118.0,1102.44,1121.8,1098.22,1503956.0
GOOGL,1,1.7602471530696475,2018-10-16,1113.48,1133.08,1136.37,1111.75,1918879.0
GOOGL,0,-1.0885964912280772,2018-10-17,1140.0,1127.59,1147.0,1114.0,1782614.0
GOOGL,0,-2.8398230088495504,2018-10-18,1130.0,1097.91,1132.35,1086.34,2307596.0
GOOGL,1,0.1331871596705681,2018-10-19,1103.71,1105.18,1120.95,1097.03,2064289.0
GOOGL,0,-0.10247098902482674,2018-10-22,1112.51,1111.37,1121.69,1100.0,1355842.0
GOOGL,1,2.1644109265181686,2018-10-23,1091.29,1114.91,1118.0,1079.01,1884255.0
GOOGL,0,-5.191031390134539,2018-10-24,1115.0,1057.12,1116.62,1055.06,2464295.0
GOOGL,1,2.155882625196701,2018-10-25,1080.3,1103.59,1117.82,1075.55,3647814.0
GOOGL,1,3.3787070865090265,2018-10-26,1048.33,1083.75,1117.0,1042.23,5321883.0
GOOGL,0,-5.636821274189719,2018-10-29,1096.54,1034.73,1108.83,1007.2,4064452.0
GOOGL,1,2.892128508544034,2018-10-30,1020.01,1049.51,1050.9,1013.97,2988418.0
GOOGL,1,2.095113274667654,2018-10-31,1068.2,1090.58,1108.0,1068.2,3545821.0
GOOGL,0,-0.4966098588968364,2018-11-01,1091.4,1085.98,1099.9,1077.82,2006575.0
GOOGL,0,-1.607897153351698,2018-11-02,1089.0,1071.49,1098.0,1067.66,2172215.0
GOOGL,0,-1.5663897513356229,2018-11-05,1072.53,1055.73,1073.35,1034.0,2267870.0
GOOGL,1,1.3791207749616077,2018-11-06,1055.02,1069.57,1079.82,1053.61,1433013.0
GOOGL,1,2.2842850418554854,2018-11-07,1083.49,1108.24,1109.93,1080.59,2169392.0
GOOGL,0,-1.1442246906890496,2018-11-08,1107.3,1094.63,1108.22,1084.36,1685193.0
GOOGL,0,-0.6457445434586078,2018-11-09,1084.02,1077.02,1088.35,1064.26,1743298.0
GOOGL,0,-2.215015888103045,2018-11-12,1073.13,1049.36,1074.1,1040.35,1700091.0
GOOGL,0,-0.6484580161355996,2018-11-13,1054.81,1047.97,1066.66,1040.4,1287475.0
GOOGL,0,-0.5113207547169879,2018-11-14,1060.0,1054.58,1065.79,1041.11,1733302.0
GOOGL,1,1.8631236566298213,2018-11-15,1051.46,1071.05,1078.87,1041.29,2079154.0
GOOGL,1,0.2853843770828801,2018-11-16,1065.23,1068.27,1072.44,1054.9,1768308.0
GOOGL,0,-3.382578357893155,2018-11-19,1063.39,1027.42,1068.0,1022.87,2284191.0
GOOGL,1,2.2992385509634845,2018-11-20,1007.29,1030.45,1037.35,1002.21,2722934.0
GOOGL,0,-0.1798509533057066,2018-11-21,1045.31,1043.43,1054.7,1039.45,1485172.0
GOOGL,0,-0.328979196903734,2018-11-23,1033.5,1030.1,1043.0,1028.52,708859.0
SNAP,0,-2.753441802252824,2018-10-05,7.99,7.77,8.04,7.6,31032322.0
SNAP,0,-2.857142857142854,2018-10-08,7.7,7.48,7.7,7.265,27870371.0
SNAP,0,-3.314917127071826,2018-10-09,7.24,7.0,7.4,6.835,41259274.0
SNAP,0,-5.857142857142859,2018-10-10,7.0,6.59,7.02,6.59,38929914.0
SNAP,1,4.930662557781193,2018-10-11,6.49,6.81,7.0,6.46,31180385.0
SNAP,1,0.0,2018-10-12,7.18,7.18,7.39,7.05,36249489.0
SNAP,1,2.9207232267037546,2018-10-15,7.19,7.4,7.46,7.12,22050848.0
SNAP,0,-2.1592442645074246,2018-10-16,7.41,7.25,7.465,7.05,28702709.0
SNAP,0,-1.80806675938805,2018-10-17,7.19,7.06,7.32,6.9301,20946010.0
SNAP,0,-2.1551724137931085,2018-10-18,6.96,6.81,7.02,6.76,16946005.0
SNAP,0,-1.1611030478955018,2018-10-19,6.89,6.81,6.97,6.67,19113724.0
SNAP,0,-0.1459854014598509,2018-10-22,6.85,6.84,6.98,6.72,12651402.0
SNAP,0,-0.2923976608187072,2018-10-23,6.84,6.82,6.93,6.68,24667350.0
SNAP,0,-3.654970760233918,2018-10-24,6.84,6.59,6.99,6.59,22133548.0
SNAP,1,4.172876304023849,2018-10-25,6.71,6.99,7.085,6.69,44154393.0
SNAP,1,2.4469820554649324,2018-10-26,6.13,6.28,6.28,5.77,79790775.0
SNAP,0,-5.669291338582669,2018-10-29,6.35,5.99,6.59,5.89,32096514.0
SNAP,1,8.431703204047219,2018-10-30,5.93,6.43,6.5386,5.91,35878702.0
SNAP,1,0.6088280060882806,2018-10-31,6.57,6.61,6.65,6.45,27680871.0
SNAP,1,9.090909090909099,2018-11-01,6.6,7.2,7.29,6.46,31642826.0
SNAP,0,-3.943661971830977,2018-11-02,7.1,6.82,7.18,6.66,26902721.0
SNAP,1,0.0,2018-11-05,6.9,6.9,6.94,6.7,14674815.0
SNAP,1,3.352769679300285,2018-11-06,6.86,7.09,7.2,6.8501,15681573.0
SNAP,1,1.5514809590973246,2018-11-07,7.09,7.2,7.29,7.08,14356549.0
SNAP,0,-1.8181818181818292,2018-11-08,7.15,7.02,7.225,6.99,10764701.0
SNAP,0,-1.594202898550729,2018-11-09,6.9,6.79,6.96,6.66,14369880.0
SNAP,0,-1.481481481481476,2018-11-12,6.75,6.65,6.87,6.4669,15064839.0
SNAP,0,-0.2971768202080306,2018-11-13,6.73,6.71,6.755,6.45,10896315.0
SNAP,1,0.46511627906977127,2018-11-14,6.45,6.48,6.69,6.39,15690540.0
SNAP,1,6.2305295950155815,2018-11-15,6.42,6.82,6.87,6.42,12643513.0
SNAP,0,-4.135893648449031,2018-11-16,6.77,6.49,6.8,6.28,19479349.0
SNAP,0,-5.616224648985964,2018-11-19,6.41,6.05,6.44,6.02,20800644.0
SNAP,1,3.92491467576791,2018-11-20,5.86,6.09,6.2261,5.8,18838879.0
SNAP,1,2.254428341384858,2018-11-21,6.21,6.35,6.48,6.17,15437390.0
SNAP,0,-1.2738853503184724,2018-11-23,6.28,6.2,6.4299,6.1745,5271157.0
SPOT,0,-2.125632628758555,2018-10-05,167.95,164.38,169.9,162.22,2395648.0
SPOT,1,0.7146817817756125,2018-10-08,162.31,163.47,165.9,156.73,1850643.0
SPOT,0,-0.0309444238148356,2018-10-09,161.58,161.53,165.33,160.36,1214636.0
SPOT,0,-6.947211155378484,2018-10-10,160.64,149.48,160.64,149.05,3193992.0
SPOT,1,3.4442934782608847,2018-10-11,147.2,152.27,153.58,146.5,2993263.0
SPOT,1,0.5647208121827505,2018-10-12,157.6,158.49,161.86,155.44,2775334.0
SPOT,0,-0.7169576059850409,2018-10-15,160.4,159.25,162.6,157.41,1350123.0
SPOT,1,2.418251896058676,2018-10-16,160.86,164.75,165.49,156.73,1635983.0
SPOT,0,-5.241239812005475,2018-10-17,168.09,159.28,168.1,157.45,2084009.0
SPOT,0,-3.156357170074939,2018-10-18,157.46,152.49,158.3,149.83,2317926.0
SPOT,0,-3.3424195223260678,2018-10-19,154.08,148.93,156.31,148.2103,2018830.0
SPOT,0,-0.6421404682274301,2018-10-22,149.5,148.54,151.865,146.53,1426756.0
SPOT,1,6.645789839944337,2018-10-23,143.7,153.25,153.62,140.32,2404166.0
SPOT,0,-4.949980511887751,2018-10-24,153.94,146.32,155.0,145.73,1652435.0
SPOT,1,0.45637583892617906,2018-10-25,149.0,149.68,152.0,147.88,1195887.0
SPOT,1,1.7321739130434846,2018-10-26,143.75,146.24,149.05,141.75,1326828.0
SPOT,0,-6.505813562739417,2018-10-29,148.79,139.11,148.79,137.01,2306910.0
SPOT,1,3.3783290769792007,2018-10-30,137.05,141.68,142.23,131.01,3071405.0
SPOT,1,5.363553178010843,2018-10-31,142.07,149.69,152.49,141.92,3165255.0
SPOT,1,5.817091454272857,2018-11-01,133.4,141.16,145.0,133.25,8785822.0
SPOT,0,-1.0113239797735116,2018-11-02,140.41,138.99,143.88,137.88,2239159.0
SPOT,1,2.177316066600258,2018-11-05,140.54,143.6,143.86,137.4,1952634.0
SPOT,0,-0.09107468123861248,2018-11-06,142.74,142.61,145.3899,138.15,1749802.0
SPOT,1,1.0887656033287252,2018-11-07,144.2,145.77,147.27,142.16,2330933.0
SPOT,0,-5.236217749187241,2018-11-08,144.57,137.0,144.96,135.2901,2444189.0
SPOT,1,2.213666987487976,2018-11-09,135.07,138.06,138.84,133.05,2571610.0
SPOT,0,-4.04121601870798,2018-11-12,136.84,131.31,137.45,126.75,2657331.0
SPOT,0,-0.4838587737204315,2018-11-13,132.27,131.63,136.06,130.5201,1106280.0
SPOT,0,-0.18620586920899748,2018-11-14,134.26,134.01,136.74,132.03,1304037.0
SPOT,1,3.381642512077309,2018-11-15,132.48,136.96,138.2862,132.25,1070638.0
SPOT,0,-0.38595709938393963,2018-11-16,134.73,134.21,137.4899,132.67,868477.0
SPOT,0,-5.370079916349231,2018-11-19,133.89,126.7,134.39,125.7,1556100.0
SPOT,1,7.590211530485269,2018-11-20,120.55,129.7,131.21,120.49,2463276.0
SPOT,1,0.9330070357907609,2018-11-21,130.76,131.98,133.645,129.41,1455998.0
SPOT,0,-0.538006302359555,2018-11-23,130.11,129.41,133.0,128.52,422235.0
SNE,0,-0.9004329004329058,2018-10-05,57.75,57.23,57.91,56.79,775771.0
SNE,1,0.29876977152900125,2018-10-08,56.9,57.07,57.33,56.45,937895.0
SNE,1,0.27676872513405393,2018-10-09,57.81,57.97,58.23,57.78,1069696.0
SNE,0,-3.041825095057031,2018-10-10,57.86,56.1,57.89,56.04,1611416.0
SNE,0,-0.8394356135024091,2018-10-11,55.99,55.52,56.62,55.2,1296795.0
SNE,0,-0.41263006817367054,2018-10-12,55.74,55.51,56.17,54.89,1412064.0
SNE,1,1.24190064794816,2018-10-15,55.56,56.25,56.63,55.42,1403682.0
SNE,1,1.0544815465729374,2018-10-16,56.9,57.5,57.53,56.79,1339479.0
SNE,1,0.01727414061150114,2018-10-17,57.89,57.9,58.12,57.41,1160271.0
SNE,0,-2.045454545454548,2018-10-18,57.2,56.03,57.2,55.61,1755413.0
SNE,0,-1.434135977337102,2018-10-19,56.48,55.67,56.6711,55.65,769265.0
SNE,0,-0.3928571428571408,2018-10-22,56.0,55.78,56.14,55.47,503133.0
SNE,1,1.0458715596330281,2018-10-23,54.5,55.07,55.25,53.35,1461786.0
SNE,0,-3.490909090909094,2018-10-24,55.0,53.08,55.01,53.07,1589870.0
SNE,1,0.9247027741083127,2018-10-25,52.99,53.48,53.87,52.64,1818631.0
SNE,1,0.730347876225246,2018-10-26,52.03,52.41,52.75,51.74,2727276.0
SNE,0,-3.15229775921002,2018-10-29,52.66,51.0,52.97,50.31,2569044.0
SNE,0,-1.055555555555556,2018-10-30,54.0,53.43,54.89,53.0,2709187.0
SNE,0,-0.2763448784082509,2018-10-31,54.28,54.13,54.48,53.7,1766856.0
SNE,1,0.306361506577752,2018-11-01,55.49,55.66,55.69,54.9,1538337.0
SNE,0,-1.9192103820142647,2018-11-02,54.71,53.66,54.91,53.28,1563457.0
SNE,0,-0.7815407517677739,2018-11-05,53.74,53.32,53.74,53.17,958891.0
SNE,0,-0.22379709063781694,2018-11-06,53.62,53.5,53.8699,53.23,711064.0
SNE,1,1.413103321710398,2018-11-07,54.49,55.26,55.47,54.26,1616235.0
SNE,0,-0.9646887513651278,2018-11-08,54.94,54.41,55.01,54.07,1076594.0
SNE,0,-0.20302694721299266,2018-11-09,54.18,54.07,54.34,53.76,957762.0
SNE,0,-2.201556272537477,2018-11-12,52.69,51.53,52.72,51.45,1650011.0
SNE,0,-0.4275165176836355,2018-11-13,51.46,51.24,51.92,51.09,949845.0
SNE,0,-0.8722620662919225,2018-11-14,51.59,51.14,51.66,50.72,872166.0
SNE,1,1.8737672583826346,2018-11-15,50.7,51.65,51.7804,50.6,712820.0
SNE,1,1.4374126572170072,2018-11-16,50.09,50.81,50.98,50.04,834852.0
SNE,0,-1.71549730146492,2018-11-19,51.88,50.99,52.07,50.92,1579972.0
SNE,0,-0.36210018105008995,2018-11-20,49.71,49.53,50.11,49.32,1413018.0
SNE,0,-0.039572615749893195,2018-11-21,50.54,50.52,50.92,50.3625,783064.0
SNE,0,-0.3409546730846404,2018-11-23,49.86,49.69,50.3,49.66,362603.0
CMCSA,0,-1.7902813299232607,2018-10-05,35.19,34.56,35.23,34.41,20433894.0
CMCSA,1,1.9710144927536224,2018-10-08,34.5,35.18,35.23,34.45,18925573.0
CMCSA,1,0.45351473922901525,2018-10-09,35.28,35.44,35.83,34.99,17407346.0
CMCSA,0,-3.081707661860323,2018-10-10,35.37,34.28,35.65,34.23,25754046.0
CMCSA,0,-2.6878612716762995,2018-10-11,34.6,33.67,34.69,33.51,36284363.0
CMCSA,1,1.6740088105726882,2018-10-12,34.05,34.62,34.79,33.89,31439332.0
CMCSA,1,1.3868824039295116,2018-10-15,34.61,35.09,35.67,34.51,22877283.0
CMCSA,1,2.2146507666098842,2018-10-16,35.22,36.0,36.1,35.195,26282159.0
CMCSA,1,0.7751937984496156,2018-10-17,36.12,36.4,36.665,35.789,20386566.0
CMCSA,0,-0.9371554575523797,2018-10-18,36.28,35.94,36.64,35.82,27906064.0
CMCSA,0,-0.3875968992248078,2018-10-19,36.12,35.98,36.51,35.785,24405313.0
CMCSA,0,-0.9695290858725801,2018-10-22,36.1,35.75,36.2452,35.59,24301870.0
CMCSA,1,0.6777746399322282,2018-10-23,35.41,35.65,35.79,35.05,20100191.0
CMCSA,0,-5.169538632573651,2018-10-24,35.98,34.12,36.26,34.05,29974923.0
CMCSA,0,-0.11148272017836997,2018-10-25,35.88,35.84,36.28,35.05,33839614.0
CMCSA,0,-1.122334455667785,2018-10-26,35.64,35.24,36.42,34.915,42435101.0
CMCSA,1,0.19487750556792952,2018-10-29,35.92,35.99,36.515,35.415,32373486.0
CMCSA,1,3.3433817484242225,2018-10-30,36.49,37.71,37.77,36.12,36610558.0
CMCSA,1,0.4741833508956789,2018-10-31,37.96,38.14,38.65,37.32,28181954.0
CMCSA,0,-0.39370078740157105,2018-11-01,38.1,37.95,38.175,37.66,23797509.0
CMCSA,0,-1.1289052244683822,2018-11-02,38.09,37.66,38.23,37.01,24593826.0
CMCSA,1,0.2108592514496716,2018-11-05,37.94,38.02,38.35,37.85,18778167.0
CMCSA,0,-0.9971136184728484,2018-11-06,38.11,37.73,38.19,37.53,19682930.0
CMCSA,1,0.8691071898867482,2018-11-07,37.97,38.3,38.342,37.64,21551932.0
CMCSA,0,-0.4936347103143799,2018-11-08,38.49,38.3,38.58,37.905,14327156.0
CMCSA,1,0.4716981132075651,2018-11-09,38.16,38.34,38.71,37.9478,17819159.0
CMCSA,0,-0.6535947712418301,2018-11-12,38.25,38.0,38.58,37.57,17042337.0
CMCSA,0,-1.3856209150326826,2018-11-13,38.25,37.72,38.49,37.51,17569493.0
CMCSA,1,0.7366482504604083,2018-11-14,38.01,38.29,38.68,37.77,23447560.0
CMCSA,1,0.9971136184728484,2018-11-15,38.11,38.49,38.49,37.82,20772107.0
CMCSA,0,-0.30999741668818764,2018-11-16,38.71,38.59,38.92,38.31,21542352.0
CMCSA,0,-1.0624514122829842,2018-11-19,38.59,38.18,38.91,37.985,19265803.0
CMCSA,0,-3.6687631027253635,2018-11-20,38.16,36.76,38.48,36.61,29276637.0
CMCSA,1,2.2070844686648368,2018-11-21,36.7,37.51,37.73,36.66,16525427.0
CMCSA,1,0.34889962426195,2018-11-23,37.26,37.39,37.71,37.2,5743891.0
INTC,0,-2.488086395540019,2018-10-05,47.9284,46.7359,48.0377,46.3682,28901448.0
INTC,1,0.1491440289888018,2018-10-08,46.6663,46.7359,47.0539,46.2291,19376820.0
INTC,0,-1.335184675663177,2018-10-09,46.8849,46.2589,47.3222,46.2489,23285714.0
INTC,0,-2.7355211385151277,2018-10-10,45.7719,44.5198,45.8316,44.5198,43109488.0
INTC,0,-2.0375504818621923,2018-10-11,44.8676,43.9534,45.3248,43.4565,43648820.0
INTC,0,-0.8615841500525687,2018-10-12,44.9869,44.5993,45.0593,43.9534,32087385.0
INTC,0,-0.22412172019057744,2018-10-15,44.3509,44.2515,44.8577,44.1621,21632953.0
INTC,1,2.3162674364399267,2018-10-16,44.6192,45.6527,45.7223,44.5447,21471984.0
INTC,0,-0.2391041360859058,2018-10-17,45.7123,45.603,46.0403,45.2552,23124370.0
INTC,0,-1.4894906810391364,2018-10-18,45.3645,44.6888,45.4639,44.5496,26638830.0
INTC,0,-2.26561522092877,2018-10-19,44.7384,43.7248,44.8974,43.5857,28368505.0
INTC,1,1.1460436844354658,2018-10-22,44.2217,44.7285,45.0564,43.8242,34508833.0
INTC,1,0.7243125294678987,2018-10-23,43.9037,44.2217,44.808,43.6354,38590347.0
INTC,0,-3.9401783801767456,2018-10-24,43.8838,42.1547,44.0826,42.0951,33631803.0
INTC,1,1.7685247886991915,2018-10-25,43.2677,44.0329,44.6589,43.0093,48255281.0
INTC,1,0.21940231630573226,2018-10-26,45.3049,45.4043,46.1496,44.4204,67280359.0
INTC,0,-2.3655462548583395,2018-10-29,46.2092,45.1161,46.4576,44.1621,35732223.0
INTC,1,4.89774628524952,2018-10-30,45.2453,47.4613,47.5806,45.1757,43975214.0
INTC,0,-2.919896640826879,2018-10-31,47.988,46.5868,48.2563,46.5371,33369091.0
INTC,1,2.7048807880590884,2018-11-01,46.6564,47.9184,48.1669,46.5669,28335329.0
INTC,0,-2.1192163750026216,2018-11-02,47.829,46.8154,47.9482,46.4576,30759786.0
INTC,1,1.3308845567650662,2018-11-05,47.0439,47.67,47.9482,46.6266,23751221.0
INTC,0,-1.1506276150627557,2018-11-06,47.8,47.25,47.92,47.03,23839582.0
INTC,1,2.288473651060248,2018-11-07,47.63,48.72,48.75,47.59,29913193.0
INTC,1,1.031140441328109,2018-11-08,48.49,48.99,49.29,48.46,26581744.0
INTC,0,-1.393728222996515,2018-11-09,48.79,48.11,49.025,47.87,21761447.0
INTC,0,-2.2217564451896923,2018-11-12,47.71,46.65,47.8,46.6,24412843.0
INTC,1,0.8512449457331317,2018-11-13,46.99,47.39,48.25,46.99,29315924.0
INTC,0,-1.5882967607105496,2018-11-14,47.85,47.09,47.965,46.89,25632731.0
INTC,1,2.339927674962777,2018-11-15,47.01,48.11,48.24,46.72,29580992.0
INTC,1,2.2189658781662027,2018-11-16,47.77,48.83,49.05,47.69,31670572.0
INTC,0,-1.2548858259617353,2018-11-19,48.61,48.0,49.15,47.78,26859030.0
INTC,0,-0.021097046413497914,2018-11-20,47.4,47.39,48.12,47.09,29200847.0
INTC,0,-1.713688610240335,2018-11-21,47.85,47.03,47.88,47.02,19011435.0
INTC,0,-0.3212679374598385,2018-11-23,46.69,46.54,47.07,46.52,8906879.0
IBM,0,-1.239242615718007,2018-10-05,149.0023,147.1558,149.8811,146.0104,4602252.0
IBM,0,-0.07413090549502936,2018-10-08,146.6325,146.5238,147.1953,145.3291,3239347.0
IBM,0,-0.5672363879338965,2018-10-09,146.2177,145.3883,146.4942,145.0822,3642496.0
IBM,0,-3.261011363246257,2018-10-10,145.645,140.8955,145.8327,140.7079,5547697.0
IBM,0,-2.5241716041878486,2018-10-11,140.8264,137.2717,142.3767,137.0347,8710491.0
IBM,0,-0.1913232810866323,2018-10-12,139.3453,139.0787,139.76,137.3309,6563403.0
IBM,1,0.5342150105400133,2018-10-15,138.6146,139.3551,140.4709,138.3776,4965533.0
IBM,1,1.5322480647618333,2018-10-16,141.1325,143.295,143.6208,139.7995,8695489.0
IBM,0,-1.3539919958861542,2018-10-17,134.181,132.3642,135.4252,131.7414,19463962.0
IBM,0,-1.6424438123374852,2018-10-18,131.0608,128.9082,131.7224,128.4046,10011678.0
IBM,0,-1.1863706514922872,2018-10-19,129.0069,127.4764,130.2314,126.3508,7791636.0
IBM,1,0.3395847140766935,2018-10-22,127.9504,128.3849,128.7975,126.7852,5719518.0
IBM,1,1.6974443748459498,2018-10-23,127.3974,129.5599,130.2412,126.7951,6463580.0
IBM,0,-3.0189838820757107,2018-10-24,129.5204,125.6102,130.0339,125.4028,5710320.0
IBM,0,-0.6286525156844693,2018-10-25,125.6497,124.8598,126.1829,123.5662,10304327.0
IBM,0,-0.33550261494685146,2018-10-26,123.6354,123.2206,124.1982,122.1542,8767029.0
IBM,1,0.2513594796977567,2018-10-29,117.8392,118.1354,122.3912,116.8123,20450448.0
IBM,0,-4.216457305017951,2018-10-30,118.9648,113.9487,119.972,113.7019,21458594.0
IBM,0,-0.909889154531634,2018-10-31,115.025,113.9784,115.0349,112.6552,21644978.0
IBM,1,1.1514500537056882,2018-11-01,114.0475,115.3607,115.5286,113.6624,13626730.0
IBM,0,-1.5658584427426212,2018-11-02,116.0322,114.2153,116.2692,113.098,10592681.0
IBM,1,3.410854336055774,2018-11-05,114.6399,118.5501,119.2512,114.5412,9144598.0
IBM,1,2.004915167630037,2018-11-06,119.1821,121.5716,122.253,118.797,9597392.0
IBM,1,0.8482147239866088,2018-11-07,122.2332,123.27,123.4872,120.7916,12382666.0
IBM,1,0.5869884232838732,2018-11-08,122.66,123.38,124.404,122.63,10396439.0
IBM,0,-0.056629722514354164,2018-11-09,123.61,123.54,124.57,121.96,6961902.0
IBM,0,-2.1052631578947323,2018-11-12,123.5,120.9,123.57,120.65,5379113.0
IBM,0,-0.2888027064939304,2018-11-13,121.19,120.84,122.2505,119.9,4084385.0
IBM,0,-0.7513830402113753,2018-11-14,121.11,120.2,121.93,119.77,4762275.0
IBM,1,1.4875480528163139,2018-11-15,119.66,121.44,121.44,119.51,5207973.0
IBM,1,0.5624948300107475,2018-11-16,120.89,121.57,121.85,120.5405,4076315.0
IBM,0,-1.085258571076209,2018-11-19,121.63,120.31,122.18,119.77,4131238.0
IBM,0,-1.0886994683095552,2018-11-20,118.49,117.2,119.49,116.6955,6233777.0
IBM,1,0.8162571209931074,2018-11-21,117.61,118.57,119.51,117.39,5335842.0
IBM,0,-0.7621305783724326,2018-11-23,118.09,117.19,118.3382,116.91,2334730.0
BA,0,-0.6503934022671792,2018-10-05,387.2118,384.6934,390.5862,381.2692,2899663.0
BA,1,0.5028063825081754,2018-10-08,382.0755,383.9966,384.9522,375.6153,3324019.0
BA,1,0.2783563436887986,2018-10-09,382.6031,383.6681,385.0418,379.3879,2862707.0
BA,0,-4.044811181546664,2018-10-10,381.1995,365.7807,382.0357,365.4025,6033088.0
BA,0,-1.4665423517141989,2018-10-11,361.7693,356.4638,368.1498,353.4676,6266751.0
BA,0,-1.6119837234356338,2018-10-12,364.3275,358.4546,365.4323,350.6407,5509720.0
BA,0,-0.16137164218981223,2018-10-15,357.8076,357.2302,360.8834,353.8658,2979835.0
BA,1,2.1639775580906027,2018-10-16,358.793,366.5572,366.8757,356.9017,2822482.0
BA,0,-0.6793457860496167,2018-10-17,366.3083,363.8198,366.806,361.0327,2238186.0
BA,0,-1.499354661759871,2018-10-18,363.1429,357.6981,366.0694,355.12,3254902.0
BA,0,-0.9838724989250248,2018-10-19,358.146,354.6223,358.2157,352.5767,3491612.0
BA,0,-0.5225642537302967,2018-10-22,356.205,354.3436,357.1092,350.8397,2263527.0
BA,1,0.15737583908629849,2018-10-23,347.8933,348.4408,351.9367,341.25,4389559.0
BA,0,-1.9193015932639796,2018-10-24,359.9278,353.0197,362.9239,350.0734,8442563.0
BA,1,1.810787063396652,2018-10-25,355.6575,362.0977,362.7149,353.3382,4003484.0
BA,0,-0.39647183239616046,2018-10-26,359.0419,357.6184,361.6299,352.4928,4073415.0
BA,0,-6.922767424014875,2018-10-29,358.8926,334.0473,360.0472,327.1193,7461953.0
BA,1,5.9209978122527245,2018-10-30,328.8314,348.3015,349.4362,328.2586,5773971.0
BA,1,0.6666486172997498,2018-10-31,350.8895,353.2287,361.7344,350.8895,4175570.0
BA,1,1.5665772130084656,2018-11-01,355.8267,361.401,362.8941,351.5763,3760650.0
BA,0,-2.5124629396933447,2018-11-02,365.283,356.1054,369.832,355.12,4029826.0
BA,1,0.6170795144010277,2018-11-05,358.1062,360.316,361.62,354.8413,2253943.0
BA,1,1.1202681125673548,2018-11-06,360.744,364.7853,366.7463,360.4454,2471898.0
BA,1,1.191364940565653,2018-11-07,365.95,370.3098,371.136,357.8474,4015255.0
BA,1,0.38989521566079055,2018-11-08,369.33,370.77,373.7,365.55,2752001.0
BA,1,0.4105157273740562,2018-11-09,367.83,369.34,371.0,366.12,2590303.0
BA,0,-3.5601415412873796,2018-11-12,370.21,357.03,370.48,355.99,3088654.0
BA,0,-0.011443284222577732,2018-11-13,349.55,349.51,355.38,342.04,4959999.0
BA,0,-2.093214803033301,2018-11-14,352.09,344.72,355.85,343.89,3445838.0
BA,1,0.1319183864915539,2018-11-15,341.12,341.57,347.98,336.51,4863046.0
BA,0,-0.8997050147492658,2018-11-16,339.0,335.95,340.1904,331.16,4425161.0
BA,0,-4.354045596781408,2018-11-19,335.55,320.94,336.04,317.2,6782767.0
BA,1,5.1638530287984,2018-11-20,302.1,317.7,322.18,296.61,6875884.0
BA,0,-2.3841018857476852,2018-11-21,325.07,317.32,326.889,315.565,4401044.0
BA,0,-0.850793650793653,2018-11-23,315.0,312.32,317.0,311.871,1599381.0
DIS,0,-1.0517241379310336,2018-10-05,116.0,114.78,116.58,114.73,5836074.0
DIS,1,1.0363145519463535,2018-10-08,114.83,116.02,116.155,114.12,5652284.0
DIS,1,0.23581871971873747,2018-10-09,116.615,116.89,117.77,116.04,6761416.0
DIS,0,-3.4063676823005853,2018-10-10,116.84,112.86,117.23,112.73,9006470.0
DIS,0,-1.199999999999995,2018-10-11,112.5,111.15,113.25,110.32,10045632.0
DIS,1,0.5715816736625887,2018-10-12,111.97,112.61,113.2744,111.23,5963944.0
DIS,1,1.349057446618414,2018-10-15,111.93,113.44,114.6176,111.89,6628815.0
DIS,1,1.6179814588070618,2018-10-16,114.34,116.19,116.37,113.84,7619024.0
DIS,1,0.8871662360034462,2018-10-17,116.1,117.13,117.22,115.43,7120646.0
DIS,0,-0.4882226980727993,2018-10-18,116.75,116.18,117.13,115.58,6056682.0
DIS,1,1.2604326349855255,2018-10-19,117.42,118.9,119.17,117.22,10430994.0
DIS,0,-0.6551868962620757,2018-10-22,119.05,118.27,119.69,117.72,8406370.0
DIS,1,0.7738680576339315,2018-10-23,116.945,117.85,118.49,115.41,8607373.0
DIS,0,-4.655732103194945,2018-10-24,117.06,111.61,117.06,111.25,11630540.0
DIS,1,1.3674302965725378,2018-10-25,112.62,114.16,114.69,112.118,7406869.0
DIS,1,0.3101736972704664,2018-10-26,112.84,113.19,114.14,112.101,7984726.0
DIS,0,-1.2319790301441649,2018-10-29,114.45,113.04,114.94,111.96,9234069.0
DIS,1,1.2082194197019178,2018-10-30,113.39,114.76,114.89,112.41,7365577.0
DIS,0,-1.2045083025036614,2018-10-31,116.23,114.83,116.52,114.68,9196670.0
DIS,1,0.7812499999999926,2018-11-01,115.2,116.1,116.28,114.9,6779884.0
DIS,0,-1.4123084824103325,2018-11-02,116.83,115.18,116.95,114.37,6377852.0
DIS,0,-0.25056160359425617,2018-11-05,115.74,115.45,116.2241,115.12,7921106.0
DIS,1,0.838085363746327,2018-11-06,115.74,116.71,116.84,115.45,5036606.0
DIS,1,0.4117697520802985,2018-11-07,116.57,117.05,117.285,115.16,8249836.0
DIS,0,-1.2345679012345703,2018-11-08,117.45,116.0,117.83,115.21,11074782.0
DIS,0,-0.16920473773265893,2018-11-09,118.2,118.0,120.2,117.18,16878228.0
DIS,0,-1.1016949152542348,2018-11-12,118.0,116.7,118.46,116.6,9170870.0
DIS,0,-0.22201349158910863,2018-11-13,117.11,116.85,117.78,116.18,4650588.0
DIS,0,-0.27247956403269175,2018-11-14,117.44,117.12,118.22,116.44,7109122.0
DIS,1,0.5322345265688081,2018-11-15,116.49,117.11,117.43,115.7,7088665.0
DIS,0,-0.29177035956406366,2018-11-16,116.53,116.19,117.344,115.99,7142193.0
DIS,0,-0.49999999999999856,2018-11-19,116.0,115.42,117.83,114.79,9714594.0
DIS,0,-1.4534883720930158,2018-11-20,113.52,111.87,114.588,111.52,11194640.0
DIS,1,0.47111111111111215,2018-11-21,112.5,113.03,113.985,112.3,7242467.0
DIS,0,-0.14255167498217802,2018-11-23,112.24,112.08,112.79,111.74,3242322.0
VZ,0,-0.21778651045779368,2018-10-05,54.457,54.3384,54.8279,54.1801,14044890.0
VZ,1,0.03639859773482424,2018-10-08,54.3977,54.4175,54.6053,53.8537,16703659.0
VZ,1,0.9361233480176306,2018-10-09,54.48,54.99,55.14,54.03,16962418.0
VZ,0,-1.200218221494824,2018-10-10,54.99,54.33,55.9,54.29,22025512.0
VZ,0,-2.1647404146028246,2018-10-11,54.51,53.33,55.16,52.84,26336195.0
VZ,0,-0.16722408026756486,2018-10-12,53.82,53.73,53.89,52.82,18866632.0
VZ,0,-0.5196733481811454,2018-10-15,53.88,53.6,54.25,53.6,13022030.0
VZ,1,0.4489337822671193,2018-10-16,53.46,53.7,53.8,53.26,15981237.0
VZ,1,0.3906976744186062,2018-10-17,53.75,53.96,54.375,53.525,14528060.0
VZ,1,1.4667656888228726,2018-10-18,53.86,54.65,54.68,53.78,16865074.0
VZ,1,0.512632735261811,2018-10-19,54.62,54.9,55.5,54.52,19103293.0
VZ,0,-0.18155410312273315,2018-10-22,55.08,54.98,55.27,54.61,21737523.0
VZ,1,1.9967908718131526,2018-10-23,56.09,57.21,57.47,56.09,29328713.0
VZ,1,0.736842105263161,2018-10-24,57.0,57.42,58.44,56.415,37435638.0
VZ,0,-1.7925513400626543,2018-10-25,57.46,56.43,57.63,56.17,25269995.0
VZ,0,-1.3330963384287238,2018-10-26,56.26,55.51,56.62,55.19,24973311.0
VZ,1,1.2005017022038964,2018-10-29,55.81,56.48,57.15,55.72,22103692.0
VZ,1,2.2136331693605023,2018-10-30,56.92,58.18,58.8,56.92,25231199.0
VZ,0,-2.1090534979423814,2018-10-31,58.32,57.09,58.32,56.76,24214427.0
VZ,0,-1.6321516321516318,2018-11-01,56.98,56.05,57.28,55.55,22533201.0
VZ,1,0.5147319843805451,2018-11-02,56.34,56.63,57.08,55.92,14734412.0
VZ,1,1.2387188108299467,2018-11-05,56.51,57.21,57.445,56.51,12733842.0
VZ,1,0.33321641529287566,2018-11-06,57.02,57.21,57.35,56.65,12371207.0
VZ,1,0.1737619461337992,2018-11-07,57.55,57.65,57.78,57.035,14891287.0
VZ,1,0.9966201577259778,2018-11-08,57.695,58.27,58.44,57.66,12482392.0
VZ,1,0.2400548696845003,2018-11-09,58.32,58.46,59.2,57.935,17365762.0
VZ,0,-0.19546188493244154,2018-11-12,58.835,58.72,59.4,58.54,13236769.0
VZ,0,-0.7277035031308289,2018-11-13,59.09,58.66,59.14,58.32,13047907.0
VZ,0,-0.321325892102156,2018-11-14,59.13,58.94,59.32,58.41,18288710.0
VZ,1,0.3908241291418808,2018-11-15,58.85,59.08,59.09,58.45,17147123.0
VZ,1,1.9471723670843186,2018-11-16,59.06,60.21,60.39,58.91,19470986.0
VZ,1,0.6141078838174232,2018-11-19,60.25,60.62,61.32,60.18,18405731.0
VZ,0,-2.5725053252498777,2018-11-20,61.03,59.46,61.58,59.17,22028957.0
VZ,0,-0.16874789065136925,2018-11-21,59.26,59.16,59.9,58.88,18482233.0
VZ,0,-0.3737682636765186,2018-11-23,58.86,58.64,59.0,58.29,7009050.0
NKE,1,0.03745785990760537,2018-10-05,80.09,80.12,80.99,79.43,7019108.0
NKE,1,0.2373813093453245,2018-10-08,80.04,80.23,80.54,79.08,8058686.0
NKE,1,0.062212268259297196,2018-10-09,80.37,80.42,81.49,80.16,7643669.0
NKE,0,-5.9251820236003,2018-10-10,79.66,74.94,80.04,74.77,12977843.0
NKE,0,-0.3477330480138972,2018-10-11,74.77,74.51,77.07,73.9,11532101.0
NKE,0,-0.07897854416217227,2018-10-12,75.97,75.91,76.86,74.91,10393839.0
NKE,0,-1.0294311732875825,2018-10-15,75.77,74.99,76.16,74.97,5789049.0
NKE,1,2.4867724867725,2018-10-16,75.6,77.48,77.65,75.32,7744185.0
NKE,0,-1.3415892672858516,2018-10-17,77.52,76.48,77.8,75.94,6816903.0
NKE,0,-2.3255813953488516,2018-10-18,77.4,75.6,77.41,75.0031,7622219.0
NKE,0,-2.1363576420941643,2018-10-19,75.83,74.21,76.05,74.14,7301200.0
NKE,1,0.3348961821835231,2018-10-22,74.65,74.9,75.21,74.3,7042460.0
NKE,0,-1.1322280630812824,2018-10-23,74.19,73.35,74.38,72.07,11423769.0
NKE,0,-1.8374846876275954,2018-10-24,73.47,72.12,74.6055,71.95,8333909.0
NKE,1,0.5640390700233824,2018-10-25,72.69,73.1,73.495,72.23,7648037.0
NKE,1,0.09722222222221275,2018-10-26,72.0,72.07,72.71,70.69,8371189.0
NKE,0,-1.4605514605514707,2018-10-29,73.26,72.19,74.01,71.39,9874204.0
NKE,1,1.9707130149172192,2018-10-30,73.07,74.51,74.64,72.81,9469954.0
NKE,0,-0.6092715231787997,2018-10-31,75.5,75.04,76.34,74.92,8755514.0
NKE,1,2.0736408347733644,2018-11-01,75.23,76.79,76.84,74.84,6117833.0
NKE,0,-1.2253321294982624,2018-11-02,77.53,76.58,78.59,75.71,6995098.0
NKE,1,1.3596548568440403,2018-11-05,76.49,77.53,77.77,76.05,7143324.0
NKE,0,-0.9956038272562843,2018-11-06,77.34,76.57,77.58,76.355,6424228.0
NKE,1,1.338705484793347,2018-11-07,76.94,77.97,78.23,76.57,5403850.0
NKE,1,0.11584502509975983,2018-11-08,77.69,77.78,78.16,77.24,5425040.0
NKE,0,-1.737228155964476,2018-11-09,77.71,76.36,77.77,75.525,4737726.0
NKE,0,-1.6371971185330716,2018-11-12,76.35,75.1,76.77,74.99,5204896.0
NKE,0,-0.43691248510525393,2018-11-13,75.53,75.2,76.265,74.84,4584553.0
NKE,0,-1.4675052410901341,2018-11-14,76.32,75.2,77.49,74.89,7984223.0
NKE,0,-0.14777001612036464,2018-11-15,74.44,74.33,74.67,72.89,7858298.0
NKE,1,1.3286334056398994,2018-11-16,73.76,74.74,75.52,73.06,8064168.0
NKE,0,-2.905342080599815,2018-11-19,74.69,72.52,74.75,71.86,6744852.0
NKE,1,0.8937437934458926,2018-11-20,70.49,71.12,72.07,69.52,9053946.0
NKE,1,0.5278510904292397,2018-11-21,71.99,72.37,72.9,71.81,7326182.0
NKE,0,-0.7772380291464293,2018-11-23,72.05,71.49,72.52,71.405,2582343.0
MCD,1,0.19850818094320505,2018-10-05,166.24,166.57,167.49,165.79,2822503.0
MCD,1,0.9142857142857205,2018-10-08,166.25,167.77,168.17,166.12,2560488.0
MCD,1,0.9931018078021027,2018-10-09,168.16,169.83,170.56,167.81,4158072.0
MCD,0,-2.1047735333449644,2018-10-10,171.99,168.37,172.0,168.22,4190540.0
MCD,0,-2.0671834625322982,2018-10-11,166.41,162.97,167.67,161.82,5430672.0
MCD,0,-0.06710181174892554,2018-10-12,163.93,163.82,164.96,161.86,3446093.0
MCD,0,-0.6193454368814199,2018-10-15,164.69,163.67,165.47,163.64,4265948.0
MCD,1,0.3854625550660765,2018-10-16,163.44,164.07,164.46,162.9,4094663.0
MCD,1,1.398431324861684,2018-10-17,164.47,166.77,167.73,164.11,3608363.0
MCD,1,0.10201632261162744,2018-10-18,166.64,166.81,167.9938,165.766,3378587.0
MCD,1,0.661097421720069,2018-10-19,166.39,167.49,168.15,166.3,3509973.0
MCD,0,-0.8036671032265713,2018-10-22,167.98,166.63,169.81,166.19,5703547.0
MCD,1,3.475467289719637,2018-10-23,171.2,177.15,177.87,170.5,12918331.0
MCD,1,0.6926701867938448,2018-10-24,176.13,177.35,178.0,174.43,7866377.0
MCD,0,-1.267177292182924,2018-10-25,177.56,175.31,178.27,174.6029,4646367.0
MCD,0,-0.7216494845360774,2018-10-26,174.6,173.34,174.93,172.6,4741914.0
MCD,0,-1.0114285714285773,2018-10-29,175.0,173.23,176.16,172.22,3485180.0
MCD,1,2.870151576278035,2018-10-30,173.51,178.49,178.59,173.44,5582931.0
MCD,0,-1.068172920977572,2018-10-31,178.81,176.9,178.96,176.37,5424712.0
MCD,0,-1.013188430406969,2018-11-01,176.67,174.88,177.35,174.7,3701151.0
MCD,1,0.17001983564749867,2018-11-02,176.45,176.75,176.99,174.0,4190863.0
MCD,1,1.6797249309508988,2018-11-05,177.41,180.39,181.1,177.0,4747298.0
MCD,1,1.4886407820918772,2018-11-06,180.03,182.71,182.86,179.49,4864654.0
MCD,1,0.6830601092896175,2018-11-07,183.0,184.25,184.48,181.88,4363930.0
MCD,1,0.6457214173313787,2018-11-08,184.29,185.48,186.04,184.08,3318599.0
MCD,0,-0.03225806451613026,2018-11-09,186.0,185.94,186.58,185.07,3237062.0
MCD,0,-0.8496907770906073,2018-11-12,185.95,184.37,187.42,183.78,3080753.0
MCD,1,0.038055887789492863,2018-11-13,183.94,184.01,184.92,183.32,2358173.0
MCD,0,-0.2008468135924463,2018-11-14,184.22,183.85,185.09,183.36,3407486.0
MCD,1,0.3224572334262466,2018-11-15,182.97,183.56,183.98,181.52,3351256.0
MCD,1,2.2288828337874675,2018-11-16,183.5,187.59,187.77,183.42,3759462.0
MCD,0,-0.5433045701502132,2018-11-19,187.74,186.72,188.9,185.79,3745905.0
MCD,0,-1.0556363440512628,2018-11-20,185.67,183.71,186.63,183.03,3708429.0
MCD,0,-0.2674526499645265,2018-11-21,183.21,182.72,185.57,182.7,3410745.0
MCD,0,-0.32325224632917127,2018-11-23,182.52,181.93,183.0,181.07,1747670.0
