16,0.0,0.0,0.0,2018-10-12,1.6841000000000008
1516,0.1,0.7444444444444445,1.1465576656166137e-06,2018-10-12,1.6841000000000008
986,0.0,0.0,0.0,2018-10-12,1.6841000000000008
183,-0.06111111111111111,0.45,-5.1126750551274445e-08,2018-10-12,1.6841000000000008
22,0.26666666666666666,0.35555555555555557,2.1191577641977345e-08,2018-10-12,1.6841000000000008
93,0.14765625,0.7,9.765561756517412e-08,2018-10-12,1.6841000000000008
794,0.0,0.0,0.0,2018-10-12,1.6841000000000008
228821,0.0,0.0,0.0,2018-10-12,1.6841000000000008
3366,0.13636363636363635,0.45454545454545453,2.119602448000268e-06,2018-10-12,1.6841000000000008
14442,0.0,0.0,0.0,2018-10-12,1.6841000000000008
11,0.0,0.0,0.0,2018-10-12,1.6841000000000008
308,0.11111111111111112,0.18888888888888888,6.567181613008604e-08,2018-10-12,1.6841000000000008
534,0.3333333333333333,0.5416666666666666,9.795272460312058e-07,2018-10-12,1.6841000000000008
908,0.0,0.0,0.0,2018-10-12,1.6841000000000008
703,0.13636363636363635,0.45454545454545453,4.426858350992835e-07,2018-10-12,1.6841000000000008
2564,0.0,0.0,0.0,2018-10-12,1.6841000000000008
54,0.5,0.8888888888888888,2.4382354957388704e-07,2018-10-12,1.6841000000000008
560,0.0,0.0,0.0,2018-10-12,1.6841000000000008
69,0.0,0.0,0.0,2018-10-12,1.6841000000000008
424,0.0,0.0,0.0,2018-10-12,1.6841000000000008
35050,0.09523809523809525,0.5023809523809524,1.7037124452486402e-05,2018-10-12,1.6841000000000008
5490,0.0,0.0,0.0,2018-10-12,1.6841000000000008
1646,0.0,0.0,0.0,2018-10-12,1.6841000000000008
1051,0.48522727272727273,0.7272727272727273,3.7679890188402308e-06,2018-10-12,1.6841000000000008
234,0.0,0.0,0.0,2018-10-12,1.6841000000000008
135,-0.025568181818181823,0.4772727272727273,-1.673649994452084e-08,2018-10-12,1.6841000000000008
60,0.2,0.4,4.876470991477742e-08,2018-10-12,1.6841000000000008
834,0.18166666666666664,0.5483333333333333,8.440153661572317e-07,2018-10-12,1.6841000000000008
554,0.16666666666666666,0.2333333333333333,2.1887678825174394e-07,2018-10-12,1.6841000000000008
70,0.0,0.0,0.0,2018-10-12,1.6841000000000008
4028,0.0,0.0,0.0,2018-10-12,1.6841000000000008
11354,0.0,0.0,0.0,2018-10-12,1.6841000000000008
100,0.0,0.0,0.0,2018-10-12,1.6841000000000008
1341,0.0,0.0,0.0,2018-10-12,1.6841000000000008
5190,0.0,0.0,0.0,2018-10-12,1.6841000000000008
22,0.0,0.03333333333333333,0.0,2018-10-12,1.6841000000000008
1623,0.0,0.1,0.0,2018-10-12,1.6841000000000008
6288,0.0,0.0,0.0,2018-10-12,1.6841000000000008
42,0.0,0.0,0.0,2018-10-12,1.6841000000000008
698,0.35,0.65,1.6132483564410578e-06,2018-10-12,1.6841000000000008
190,5.551115123125783e-17,0.7333333333333334,7.857776445096861e-23,2018-10-12,1.6841000000000008
1024,0.0,0.0,0.0,2018-10-12,1.6841000000000008
139,0.13636363636363635,0.45454545454545453,8.7529631691039e-08,2018-10-12,1.6841000000000008
2852,0.5,0.5,7.243591285257561e-06,2018-10-12,1.6841000000000008
1998,1.0,0.3,6.089493150607829e-06,2018-10-12,1.6841000000000008
12608,0.8,0.9,9.222381939082705e-05,2018-10-12,1.6841000000000008
4047,0.13636363636363635,0.5,2.8032781395611385e-06,2018-10-12,1.6841000000000008
1478,0.0,0.0,0.0,2018-10-12,1.6841000000000008
275,0.0,0.0,0.0,2018-10-12,1.6841000000000008
181,0.0,0.0,0.0,2018-10-12,1.6841000000000008
309,0.0,0.0,0.0,2018-10-12,1.6841000000000008
811,0.65,0.625,3.347176670777984e-06,2018-10-12,1.6841000000000008
262,0.0,0.0,0.0,2018-10-12,1.6841000000000008
1588,0.35,0.55,3.1056008695517306e-06,2018-10-12,1.6841000000000008
413,0.0,0.0,0.0,2018-10-12,1.6841000000000008
950,-0.1875,0.5,-9.048139534968465e-07,2018-10-12,1.6841000000000008
1867,0.0,0.0,0.0,2018-10-12,1.6841000000000008
683,0.0,0.0,0.0,2018-10-12,1.6841000000000008
116458,0.0,0.0,0.0,2018-10-12,1.6841000000000008
471,-0.03391053391053391,0.2784992784992785,-4.519017434900991e-08,2018-10-12,1.6841000000000008
86,0.0,0.0,0.0,2018-10-12,1.6841000000000008
852,0.0,0.0,0.0,2018-10-12,1.6841000000000008
186076,0.4,0.8,0.0006049294774734749,2018-10-12,1.6841000000000008
15,0.0,1.0,0.0,2018-10-12,1.6841000000000008
404,0.0,0.0,0.0,2018-10-12,1.6841000000000008
522,0.0,0.0,0.0,2018-10-12,1.6841000000000008
740,0.0,0.0,0.0,2018-10-12,1.6841000000000008
211,0.18166666666666664,0.5483333333333333,2.1353386362011498e-07,2018-10-12,1.6841000000000008
220,0.0,0.0,0.0,2018-10-12,1.6841000000000008
79,0.0,0.0,0.0,2018-10-12,1.6841000000000008
2836,0.0,0.0,0.0,2018-10-12,1.6841000000000008
0,0.255,0.5750000000000001,0.0,2018-10-12,1.6841000000000008
3113,0.0,0.0,0.0,2018-10-12,1.6841000000000008
0,0.0,0.0,0.0,2018-10-12,1.6841000000000008
223,0.5,0.9,1.0194872166558154e-06,2018-10-12,1.6841000000000008
1002,0.05,0.35,1.781435809074212e-07,2018-10-12,1.6841000000000008
10145,0.0,0.0,0.0,2018-10-12,1.6841000000000008
4984,0.0,0.0,0.0,2018-10-12,1.6841000000000008
3069,0.0,0.0,0.0,2018-10-12,1.6841000000000008
160,0.0,0.03333333333333333,0.0,2018-10-12,1.6841000000000008
1583,0.06818181818181818,0.2987012987012987,3.2752994452610876e-07,2018-10-12,1.6841000000000008
1467,0.0,0.0,0.0,2018-10-12,1.6841000000000008
525,0.0,0.0,0.0,2018-10-12,1.6841000000000008
1246,0.5,0.5,3.164626487177742e-06,2018-10-12,1.6841000000000008
269,-0.13333333333333333,0.6,-2.1862844945125207e-07,2018-10-12,1.6841000000000008
141,0.0,0.0,0.0,2018-10-12,1.6841000000000008
608,0.5,0.5,1.5442158139679514e-06,2018-10-12,1.6841000000000008
2477,0.0,0.0,0.0,2018-10-12,1.6841000000000008
334,0.0,0.0,0.0,2018-10-12,1.6841000000000008
37634,0.0,0.0,0.0,2018-10-12,1.6841000000000008
4405,0.5,0.6,1.3425534198412155e-05,2018-10-12,1.6841000000000008
169,0.0,0.0,0.0,2018-10-12,1.6841000000000008
1955,0.0,0.0,0.0,2018-10-12,1.6841000000000008
906,-0.10833333333333334,0.6333333333333333,-6.315199255873101e-07,2018-10-12,1.6841000000000008
331,0.0,0.0,0.0,2018-10-12,1.6841000000000008
2036,0.0,0.0,0.0,2018-10-12,1.6841000000000008
1253,-0.06111111111111111,0.45,-3.500645816434256e-07,2018-10-12,1.6841000000000008
715,0.0,0.0,0.0,2018-10-12,1.6841000000000008
492,0.0,1.0,0.0,2018-10-12,1.6841000000000008
613,-0.20454545454545456,0.8181818181818182,-1.0422323267038754e-06,2018-10-12,1.6841000000000008
2981,0.25,0.8500000000000001,4.188054199525412e-06,2018-10-12,1.6841000000000008
780,0.15,0.6499999999999999,5.027945961661622e-07,2018-10-12,1.6841000000000008
2606,-0.25,0.8888888888888888,-3.8287171235561955e-06,2018-10-12,1.6841000000000008
6267,0.0,0.0,0.0,2018-10-12,1.6841000000000008
200,0.0,0.125,0.0,2018-10-12,1.6841000000000008
6,0.0,0.0,0.0,2018-10-12,1.6841000000000008
57607,0.0,0.0,0.0,2018-10-12,1.6841000000000008
9579,0.0,0.0,0.0,2018-10-12,1.6841000000000008
78,0.0,0.0,0.0,2018-10-12,1.6841000000000008
924,0.0,0.0,0.0,2018-10-12,1.6841000000000008
1885,0.5,0.5,3.115607540345878e-06,2018-10-12,1.6841000000000008
17814,0.0,0.0,0.0,2018-10-12,1.6841000000000008
337,0.13333333333333336,0.7,2.0794958621187413e-07,2018-10-12,1.6841000000000008
12461,0.0,0.0,0.0,2018-10-12,1.6841000000000008
111301,0.0,0.0,0.0,2018-10-12,1.6841000000000008
361,0.5,0.5,5.966760329256562e-07,2018-10-12,1.6841000000000008
8614,-0.14583333333333334,0.3208333333333333,-2.6646031474761883e-06,2018-10-12,1.6841000000000008
75,-0.009999999999999998,0.1933333333333333,-9.586484739525775e-10,2018-10-12,1.6841000000000008
1390,0.0,0.0,0.0,2018-10-12,1.6841000000000008
28,0.0,0.25,0.0,2018-10-12,1.6841000000000008
73,0.5,0.5,1.206574803423072e-07,2018-10-12,1.6841000000000008
8614,0.0,0.0,0.0,2018-10-12,1.6841000000000008
141,0.0,0.0,0.0,2018-10-12,1.6841000000000008
2648,-0.2,0.3,-1.05041427270059e-06,2018-10-12,1.6841000000000008
16320,0.25,0.8500000000000001,2.2928226949431312e-05,2018-10-12,1.6841000000000008
1788,0.0,0.0,0.0,2018-10-12,1.6841000000000008
902,0.45,0.55,1.4759550246037465e-06,2018-10-12,1.6841000000000008
224,0.5,0.5,3.702366520092714e-07,2018-10-12,1.6841000000000008
3134,0.0,0.0,0.0,2018-10-12,1.6841000000000008
164,0.5,0.5,2.710661202210737e-07,2018-10-12,1.6841000000000008
1159,0.0,0.0,0.0,2018-10-12,1.6841000000000008
451,0.5,0.5,7.454318306079526e-07,2018-10-12,1.6841000000000008
266,0.375,0.75,4.946130272936361e-07,2018-10-12,1.6841000000000008
238,0.5,0.5,3.9337644275985087e-07,2018-10-12,1.6841000000000008
1356,0.0,0.0,0.0,2018-10-12,1.6841000000000008
197,0.5,0.5,3.2560991270458245e-07,2018-10-12,1.6841000000000008
1107,0.5,0.5,1.8296963114922476e-06,2018-10-12,1.6841000000000008
14,0.1,0.1,9.255916300231787e-10,2018-10-12,1.6841000000000008
87,0.0,0.0,0.0,2018-10-12,1.6841000000000008
20061,0.0,0.0,0.0,2018-10-12,1.6841000000000008
1491,0.0,0.0,0.0,2018-10-12,1.6841000000000008
830,0.5,0.5,1.3718590230700681e-06,2018-10-12,1.6841000000000008
131,0.5,0.5,2.1652232773756498e-07,2018-10-12,1.6841000000000008
508,0.5,0.5,8.396438358067405e-07,2018-10-12,1.6841000000000008
671,0.45,0.8444444444444444,1.6857668130236433e-06,2018-10-12,1.6841000000000008
2234,0.23333333333333336,0.43333333333333335,1.4933906732851751e-06,2018-10-12,1.6841000000000008
32,0.0,0.06666666666666667,0.0,2018-10-12,1.6841000000000008
266,0.45000000000000007,0.9,7.12242759302836e-07,2018-10-12,1.6841000000000008
1479,0.0,0.0,0.0,2018-10-12,1.6841000000000008
1368,0.45,0.8444444444444444,3.4368539496517798e-06,2018-10-12,1.6841000000000008
222,0.0,0.125,0.0,2018-10-12,1.6841000000000008
361,0.17532467532467533,0.5487012987012987,2.2960303071679615e-07,2018-10-12,1.6841000000000008
46,-0.05,0.4,-6.082459283009461e-09,2018-10-12,1.6841000000000008
847,0.0,0.17857142857142858,0.0,2018-10-12,1.6841000000000008
670,0.05,0.5,1.1074042716348744e-07,2018-10-12,1.6841000000000008
1479,0.30714285714285716,0.7214285714285715,2.1666727187875343e-06,2018-10-12,1.6841000000000008
22,-0.2,0.3,-8.727006797361396e-09,2018-10-12,1.6841000000000008
3222,0.0,0.0,0.0,2018-10-12,1.6841000000000008
46508,0.0,0.0,0.0,2018-10-12,1.6841000000000008
14,0.2333333333333333,0.7000000000000001,1.5117996623711915e-08,2018-10-12,1.6841000000000008
3222,-0.025,0.35,-1.8639101449591753e-07,2018-10-12,1.6841000000000008
3222,0.0,0.0,0.0,2018-10-12,1.6841000000000008
11984,-0.13333333333333333,0.3416666666666666,-3.609395983032608e-06,2018-10-12,1.6841000000000008
1332,0.0,0.0,0.0,2018-10-12,1.6841000000000008
469,0.45,0.8444444444444444,1.1782781450195064e-06,2018-10-12,1.6841000000000008
2920,0.0,0.0,0.0,2018-10-12,1.6841000000000008
2920,0.0,0.0,0.0,2018-10-12,1.6841000000000008
229,0.0,0.0,0.0,2018-10-12,1.6841000000000008
479,0.375,0.4666666666666667,5.54197988476378e-07,2018-10-12,1.6841000000000008
527,0.0,0.25,0.0,2018-10-12,1.6841000000000008
93,0.5,0.9,2.7668578368907155e-07,2018-10-12,1.6841000000000008
125,0.0,0.0,0.0,2018-10-12,1.6841000000000008
11,-0.185,0.585,-7.870669255370309e-09,2018-10-12,1.6841000000000008
474,0.45,0.8444444444444444,1.190839745712678e-06,2018-10-12,1.6841000000000008
11,0.3,0.95,2.0726641143733318e-08,2018-10-12,1.6841000000000008
11,0.17857142857142858,0.3452380952380952,4.483475005730593e-09,2018-10-12,1.6841000000000008
1788,0.0,0.0,0.0,2018-10-12,1.6841000000000008
145,0.0,0.0,0.0,2018-10-12,1.6841000000000008
1107,-0.15000000000000002,0.15000000000000002,-1.6467266803430231e-07,2018-10-12,1.6841000000000008
110,0.0,0.125,0.0,2018-10-12,1.6841000000000008
3480,0.45,0.65,6.729712287147097e-06,2018-10-12,1.6841000000000008
0,0.5023809523809524,0.7785714285714286,0.0,2018-10-12,1.6841000000000008
488,0.0,0.0,0.0,2018-10-12,1.6841000000000008
6,0.0,0.0,0.0,2018-10-12,1.6841000000000008
6,0.0,0.0,0.0,2018-10-12,1.6841000000000008
4,0.0,0.0,0.0,2018-10-12,1.6841000000000008
2,0.0,0.0,0.0,2018-10-12,1.6841000000000008
1,0.0,0.0,0.0,2018-10-12,1.6841000000000008
135,0.0,0.0,0.0,2018-10-12,1.6841000000000008
7719,0.6,1.0,3.061989339492392e-05,2018-10-12,1.6841000000000008
42,0.0,0.125,0.0,2018-10-12,1.6841000000000008
1599,0.4333333333333333,0.7333333333333333,3.3594127832731726e-06,2018-10-12,1.6841000000000008
405,0.0,0.0,0.0,2018-10-12,1.6841000000000008
310,0.0,0.0,0.0,2018-10-12,1.6841000000000008
2981,0.0,0.0,0.0,2018-10-12,1.6841000000000008
150,0.0,0.0,0.0,2018-10-12,1.6841000000000008
56,0.0,0.0,0.0,2018-10-12,1.6841000000000008
588,-0.23333333333333336,0.7999999999999999,-6.750447920651826e-07,2018-10-12,1.6841000000000008
11,0.0,0.0,0.0,2018-10-12,1.6841000000000008
280,0.45,0.8,6.199390947537392e-07,2018-10-12,1.6841000000000008
15025,0.0,0.0,0.0,2018-10-12,1.6841000000000008
0,0.0,0.1,0.0,2018-10-12,1.6841000000000008
1768,0.5,0.6,3.2620604747756277e-06,2018-10-12,1.6841000000000008
1806,0.125,0.42500000000000004,5.90072237324197e-07,2018-10-12,1.6841000000000008
558,0.6,0.8,1.6472667374885068e-06,2018-10-12,1.6841000000000008
418,-0.1,0.2,-5.141558365219504e-08,2018-10-12,1.6841000000000008
237,0.3839285714285714,0.5357142857142857,2.997923174537701e-07,2018-10-12,1.6841000000000008
3172,0.3333333333333333,0.6666666666666666,4.335200195235583e-06,2018-10-12,1.6841000000000008
670,0.0,0.0,0.0,2018-10-12,1.6841000000000008
10,0.0,0.0,0.0,2018-10-12,1.6841000000000008
1297,0.0,0.0,0.0,2018-10-12,1.6841000000000008
11293,0.0,0.0,0.0,2018-10-12,1.6841000000000008
12,-0.4000000000000001,0.6,-1.771254556439255e-08,2018-10-12,1.6841000000000008
1,0.13636363636363635,0.45454545454545453,3.812100887653355e-10,2018-10-12,1.6841000000000008
2891,0.0,0.125,0.0,2018-10-12,1.6841000000000008
6,0.0,0.0,0.0,2018-10-12,1.6841000000000008
214,0.0,0.0,0.0,2018-10-12,1.6841000000000008
310,0.0,0.06666666666666667,0.0,2018-10-12,1.6841000000000008
917,0.0,0.0,0.0,2018-10-12,1.6841000000000008
449,0.0,0.0,0.0,2018-10-12,1.6841000000000008
42,0.0,0.0,0.0,2018-10-12,1.6841000000000008
829,0.0,0.0,0.0,2018-10-12,1.6841000000000008
598,0.325,0.4666666666666667,5.578016808582834e-07,2018-10-12,1.6841000000000008
0,0.0,0.1,0.0,2018-10-12,1.6841000000000008
3190,0.0,0.0,0.0,2018-10-12,1.6841000000000008
1117,-0.08787878787878789,0.38484848484848483,-2.3233546333076894e-07,2018-10-12,1.6841000000000008
38,0.0,0.0,0.0,2018-10-12,1.6841000000000008
1239,-0.2,0.0,-0.0,2018-10-12,1.6841000000000008
180,0.0,0.0,0.0,2018-10-12,1.6841000000000008
116,0.0,0.0,0.0,2018-10-12,1.6841000000000008
174,-0.125,0.375,-5.0162482555408574e-08,2018-10-12,1.6841000000000008
20,-0.6999999999999998,0.6666666666666666,-5.740176803275362e-08,2018-10-12,1.6841000000000008
170,0.1,0.3,3.13659661036118e-08,2018-10-12,1.6841000000000008
109,0.0,0.625,0.0,2018-10-12,1.6841000000000008
0,0.0,0.0,0.0,2018-10-12,1.6841000000000008
8300,0.0,0.0,0.0,2018-10-12,1.6841000000000008
85,0.0,0.0,0.0,2018-10-12,1.6841000000000008
4,0.0,0.0,0.0,2018-10-12,1.6841000000000008
73,0.0,0.0,0.0,2018-10-12,1.6841000000000008
3617,0.0,0.0,0.0,2018-10-12,1.6841000000000008
1264,0.0,0.0,0.0,2018-10-12,1.6841000000000008
793,0.0,0.65,0.0,2018-10-12,1.6841000000000008
2,-0.25,0.48333333333333334,-1.4862957794195137e-09,2018-10-12,1.6841000000000008
925,0.0,0.0,0.0,2018-10-12,1.6841000000000008
2,0.7,0.6000000000000001,5.166159122947827e-09,2018-10-12,1.6841000000000008
61,0.0,0.0,0.0,2018-10-12,1.6841000000000008
40,0.0,0.0,0.0,2018-10-12,1.6841000000000008
1,0.0,0.0,0.0,2018-10-12,1.6841000000000008
31,-0.26666666666666666,0.45,-2.2878704687340374e-08,2018-10-12,1.6841000000000008
170,0.25,0.3333333333333333,8.71276836211439e-08,2018-10-12,1.6841000000000008
815,0.0,0.0,0.0,2018-10-12,1.6841000000000008
2657,0.5,0.8888888888888888,7.262690364906018e-06,2018-10-12,1.6841000000000008
2657,0.0,0.0,0.0,2018-10-12,1.6841000000000008
2657,0.3625,0.525,3.1099067101601473e-06,2018-10-12,1.6841000000000008
78,0.0,0.0,0.0,2018-10-12,1.6841000000000008
2657,0.0,0.0,0.0,2018-10-12,1.6841000000000008
5654,0.13636363636363635,0.45454545454545453,2.1553618418792068e-06,2018-10-12,1.6841000000000008
152,0.0,0.0,0.0,2018-10-12,1.6841000000000008
27,0.0,0.0,0.0,2018-10-12,1.6841000000000008
27,0.0,0.0,0.0,2018-10-12,1.6841000000000008
172,0.0,0.0,0.0,2018-10-12,1.6841000000000008
110,0.9,0.65,3.95764689954396e-07,2018-10-12,1.6841000000000008
2292,0.0,0.0,0.0,2018-10-12,1.6841000000000008
217,-0.25,0.4,-1.3345911067615218e-07,2018-10-12,1.6841000000000008
163,0.0,0.0,0.0,2018-10-12,1.6841000000000008
20,0.0,0.125,0.0,2018-10-12,1.6841000000000008
798,0.016666666666666666,0.3333333333333333,2.726583981555797e-08,2018-10-12,1.6841000000000008
478,0.25,0.2833333333333333,2.082351638545339e-07,2018-10-12,1.6841000000000008
60,0.0,0.0,0.0,2018-10-12,1.6841000000000008
26,0.0,0.0,0.0,2018-10-12,1.6841000000000008
684,-0.2,0.8,-6.323329885550832e-07,2018-10-12,1.6841000000000008
97,0.0,0.0,0.0,2018-10-12,1.6841000000000008
116,0.6,1.0,4.021415935986274e-07,2018-10-12,1.6841000000000008
1003,0.0,0.0,0.0,2018-10-12,1.6841000000000008
1405,0.0,0.0,0.0,2018-10-12,1.6841000000000008
0,0.0,0.0,0.0,2018-10-12,1.6841000000000008
279,0.0,0.0,0.0,2018-10-12,1.6841000000000008
391,0.0,0.0,0.0,2018-10-12,1.6841000000000008
908,0.0,0.0,0.0,2018-10-12,1.6841000000000008
14,0.0,0.0,0.0,2018-10-12,1.6841000000000008
113,0.0,0.0,0.0,2018-10-12,1.6841000000000008
28,0.0,0.0,0.0,2018-10-12,1.6841000000000008
306,0.6,1.0,1.0608217900101724e-06,2018-10-12,1.6841000000000008
45,0.6,1.0,1.560032044132606e-07,2018-10-12,1.6841000000000008
1873,0.0,0.0,0.0,2018-10-12,1.6841000000000008
573,0.0,0.0,0.0,2018-10-12,1.6841000000000008
2431,-0.2,0.8,-2.2473706069845133e-06,2018-10-12,1.6841000000000008
255,0.0,0.0,0.0,2018-10-12,1.6841000000000008
200,1.0,1.0,1.1555792919500787e-06,2018-10-12,1.6841000000000008
7623,0.0,0.0,0.0,2018-10-12,1.6841000000000008
95,0.5,1.0,2.744500818381437e-07,2018-10-12,1.6841000000000008
53,-0.03333333333333333,0.562962962962963,-5.746510355524589e-09,2018-10-12,1.6841000000000008
698,0.35,0.65,9.175010683260636e-07,2018-10-12,1.6841000000000008
2852,0.5,0.5,4.11964017580203e-06,2018-10-12,1.6841000000000008
164,0.0,0.0,0.0,2018-10-12,1.6841000000000008
2994,-0.4,0.7,-4.843726160137949e-06,2018-10-12,1.6841000000000008
4047,0.13636363636363635,0.5,1.5943054754052163e-06,2018-10-12,1.6841000000000008
7,0.5,0.5,1.011131880456319e-08,2018-10-12,1.6841000000000008
247,0.0,0.0,0.0,2018-10-12,1.6841000000000008
657,0.0,0.0,0.0,2018-10-12,1.6841000000000008
331,0.5,0.5,4.781209320443451e-07,2018-10-12,1.6841000000000008
109,0.6,1.0,3.7787442846767575e-07,2018-10-12,1.6841000000000008
2243,0.0,0.0,0.0,2018-10-12,1.6841000000000008
178,0.0,0.0,0.0,2018-10-12,1.6841000000000008
57,0.6,1.0,1.9760405892346346e-07,2018-10-12,1.6841000000000008
945,0.6,1.0,3.2760672926784728e-06,2018-10-12,1.6841000000000008
3216,0.0,0.0,0.0,2018-10-12,1.6841000000000008
536,0.0,0.6,0.0,2018-10-12,1.6841000000000008
504,0.0,0.0,0.0,2018-10-12,1.6841000000000008
330,0.0,0.0,0.0,2018-10-12,1.6841000000000008
381,0.0,0.0,0.0,2018-10-12,1.6841000000000008
1633,0.3181818181818182,0.4772727272727273,1.4328407263011793e-06,2018-10-12,1.6841000000000008
223,0.5,0.9,5.798119097359519e-07,2018-10-12,1.6841000000000008
1351,0.6,1.0,4.683562870273669e-06,2018-10-12,1.6841000000000008
770,-0.2,0.8,-7.118368438412486e-07,2018-10-12,1.6841000000000008
88,0.0,0.0,0.0,2018-10-12,1.6841000000000008
1246,0.5,0.5,1.7998147472122475e-06,2018-10-12,1.6841000000000008
182,0.0,0.0,0.0,2018-10-12,1.6841000000000008
367,0.0,0.0,0.0,2018-10-12,1.6841000000000008
2,0.0,0.0,0.0,2018-10-12,1.6841000000000008
144,0.0,0.0,0.0,2018-10-12,1.6841000000000008
331,0.0,0.0,0.0,2018-10-12,1.6841000000000008
157,0.0,0.0,0.0,2018-10-12,1.6841000000000008
317,0.0,0.0,0.0,2018-10-12,1.6841000000000008
894,0.41818181818181815,0.5272727272727273,1.1389580506301621e-06,2018-10-12,1.6841000000000008
114,0.6,1.0,3.952081178469269e-07,2018-10-12,1.6841000000000008
789,0.35,0.65,1.0371179697840462e-06,2018-10-12,1.6841000000000008
93,0.0,0.0,0.0,2018-10-12,1.6841000000000008
197,0.0,0.0,0.0,2018-10-12,1.6841000000000008
86,0.35,0.65,1.1304454423501644e-07,2018-10-12,1.6841000000000008
299,0.0,0.0,0.0,2018-10-12,1.6841000000000008
1502,0.0,0.0,0.0,2018-10-12,1.6841000000000008
1566,0.0,0.0,0.0,2018-10-12,1.6841000000000008
10,0.0,0.0,0.0,2018-10-12,1.6841000000000008
342,0.17500000000000002,0.3583333333333333,1.2391421194992186e-07,2018-10-12,1.6841000000000008
58,0.7,0.775,1.8180151210604612e-07,2018-10-12,1.6841000000000008
283,0.6,1.0,9.81086818865617e-07,2018-10-12,1.6841000000000008
24,-0.6999999999999998,0.6666666666666666,-6.471244034920439e-08,2018-10-12,1.6841000000000008
0,0.0,0.0,0.0,2018-10-12,1.6841000000000008
42,0.0,0.0,0.0,2018-10-12,1.6841000000000008
172,0.0,0.0,0.0,2018-10-12,1.6841000000000008
546,0.0,0.0,0.0,2018-10-12,1.6841000000000008
2165,0.0,0.0,0.0,2018-10-12,1.6841000000000008
54,0.0,0.0,0.0,2018-10-12,1.6841000000000008
776,0.0,0.0,0.0,2018-10-12,1.6841000000000008
638,0.35,0.65,8.386327816504708e-07,2018-10-12,1.6841000000000008
403,0.6,1.0,1.397095363967645e-06,2018-10-12,1.6841000000000008
321,0.6,1.0,1.1128228581479257e-06,2018-10-12,1.6841000000000008
717,0.0,0.0,0.0,2018-10-12,1.6841000000000008
139,0.0,0.0,0.0,2018-10-12,1.6841000000000008
1049,0.0,0.0,0.0,2018-10-12,1.6841000000000008
388,0.0,0.0,0.0,2018-10-12,1.6841000000000008
143,-1.0,1.0,-8.262391937443063e-07,2018-10-12,1.6841000000000008
370,0.0,0.0,0.0,2018-10-12,1.6841000000000008
348,0.5,0.5,5.026769919982843e-07,2018-10-12,1.6841000000000008
43,0.0,0.0,0.0,2018-10-12,1.6841000000000008
369,0.41818181818181815,0.5272727272727273,4.7010684640104004e-07,2018-10-12,1.6841000000000008
25,-0.03939393939393939,0.2842424242424243,-1.6174396104269125e-09,2018-10-12,1.6841000000000008
213,0.3954545454545455,0.3515151515151515,1.7107635149164748e-07,2018-10-12,1.6841000000000008
2,0.0,0.0,0.0,2018-10-12,1.6841000000000008
1873,0.0,0.0,0.0,2018-10-12,1.6841000000000008
12146,0.13636363636363635,0.45454545454545453,4.349896512404644e-06,2018-10-12,1.6841000000000008
3660,0.0,0.0,0.0,2018-10-12,1.6841000000000008
89,0.0,0.0,0.0,2018-10-12,1.6841000000000008
569,0.5,0.9,1.4794303885190884e-06,2018-10-12,1.6841000000000008
10,0.0625,0.5,1.805592643671998e-09,2018-10-12,1.6841000000000008
433,0.0,0.0,0.0,2018-10-12,1.6841000000000008
481,0.0,0.0,0.0,2018-10-12,1.6841000000000008
26,0.0,0.0,0.0,2018-10-12,1.6841000000000008
19,0.0,0.0,0.0,2018-10-12,1.6841000000000008
16,0.0,0.0,0.0,2018-10-12,1.6841000000000008
279,0.0,0.0,0.0,2018-10-12,1.6841000000000008
534,0.3333333333333333,0.5416666666666666,4.901198393019653e-07,2018-10-12,1.6841000000000008
98,0.5,0.5,1.245421199263421e-07,2018-10-12,1.6841000000000008
196,0.0,0.0,0.0,2018-10-12,1.6841000000000008
86,0.0,0.0,0.0,2018-10-12,1.6841000000000008
43,0.0,0.0,0.0,2018-10-12,1.6841000000000008
1,0.0,0.1,0.0,2018-10-12,1.6841000000000008
1192,0.0,0.0,0.0,2018-10-12,1.6841000000000008
12,0.8,0.4,1.952007104151648e-08,2018-10-12,1.6841000000000008
331,0.0,0.0,0.0,2018-10-12,1.6841000000000008
71,0.2681818181818182,0.4279220779220779,4.1419279775532337e-08,2018-10-12,1.6841000000000008
9,0.0,0.0,0.0,2018-10-12,1.6841000000000008
3303,0.0,0.0,0.0,2018-10-12,1.6841000000000008
5962,0.0,0.0,0.0,2018-10-12,1.6841000000000008
108,0.5,1.0,2.745009990213255e-07,2018-10-12,1.6841000000000008
10,0.0625,0.5,1.588547448040078e-09,2018-10-12,1.6841000000000008
9973,0.0,0.0,0.0,2018-10-12,1.6841000000000008
2290,0.07500000000000001,0.42500000000000004,3.710529129132015e-07,2018-10-12,1.6841000000000008
359,0.175,0.75,2.3952118421548293e-07,2018-10-12,1.6841000000000008
6,0.0,0.1,0.0,2018-10-12,1.6841000000000008
6,0.0,0.1,0.0,2018-10-12,1.6841000000000008
747,0.7000000000000001,0.65,1.7277550380067262e-06,2018-10-12,1.6841000000000008
1740,0.0,0.0,0.0,2018-10-12,1.6841000000000008
63,-0.2,0.8,-5.124018648398076e-08,2018-10-12,1.6841000000000008
165,0.0,0.0,0.0,2018-10-12,1.6841000000000008
0,0.0,0.0,0.0,2018-10-12,1.6841000000000008
231,0.0,0.0,0.0,2018-10-12,1.6841000000000008
0,0.0,0.1,0.0,2018-10-12,1.6841000000000008
439,0.0,0.0,0.0,2018-10-12,1.6841000000000008
481,0.0,0.25,0.0,2018-10-12,1.6841000000000008
867,0.0,0.0,0.0,2018-10-12,1.6841000000000008
46,0.0,0.0,0.0,2018-10-12,1.6841000000000008
407,0.0,0.0,0.0,2018-10-12,1.6841000000000008
190,0.0,0.0,0.0,2018-10-12,1.6841000000000008
3989,0.0,0.0,0.0,2018-10-12,1.6841000000000008
228,0.0,0.1,0.0,2018-10-12,1.6841000000000008
28032,0.0,0.0,0.0,2018-10-12,1.6841000000000008
1273,0.0,0.0,0.0,2018-10-12,1.6841000000000008
40,0.0,0.0,0.0,2018-10-12,1.6841000000000008
4,0.0,0.0,0.0,2018-10-12,1.6841000000000008
55,-0.2375,0.4125,-2.7390529372831043e-08,2018-10-12,1.6841000000000008
8533,0.0,0.0,0.0,2018-10-12,1.6841000000000008
167,0.0,0.0,0.0,2018-10-12,1.6841000000000008
167,0.3333333333333333,0.5,1.414866260387696e-07,2018-10-12,1.6841000000000008
2298,0.0,0.0,0.0,2018-10-12,1.6841000000000008
2625,0.1,0.1,1.3343798563536657e-07,2018-10-12,1.6841000000000008
84,0.0,0.0,0.0,2018-10-12,1.6841000000000008
4399,0.08,0.33249999999999996,5.948202814607771e-07,2018-10-12,1.6841000000000008
38,0.0,0.0,0.0,2018-10-12,1.6841000000000008
248,0.20833333333333334,0.3416666666666667,8.973528028706398e-08,2018-10-12,1.6841000000000008
1021,0.0,0.0,0.0,2018-10-12,1.6841000000000008
323,0.12083333333333335,0.525,1.0415946762053988e-07,2018-10-12,1.6841000000000008
0,0.24318181818181817,0.5522727272727272,0.0,2018-10-12,1.6841000000000008
4522,0.17,0.43,1.6803436321239094e-06,2018-10-12,1.6841000000000008
24,0.0,0.0,0.0,2018-10-12,1.6841000000000008
2,0.0,0.1,0.0,2018-10-12,1.6841000000000008
44,0.0,0.1125,0.0,2018-10-12,1.6841000000000008
12268,-0.02121212121212122,0.28484848484848485,-3.7680959297415285e-07,2018-10-12,1.6841000000000008
294,0.4,0.4,2.391208702585769e-07,2018-10-12,1.6841000000000008
125,0.0,0.0,0.0,2018-10-12,1.6841000000000008
295,0.0,0.0,0.0,2018-10-12,1.6841000000000008
244,-0.1,0.19166666666666665,-2.377314207573578e-08,2018-10-12,1.6841000000000008
55,0.0,1.0,0.0,2018-10-12,1.6841000000000008
214,0.0,0.0,0.0,2018-10-12,1.6841000000000008
55,-0.08333333333333333,0.7166666666666667,-1.6697398731621266e-08,2018-10-12,1.6841000000000008
22,0.0,0.0,0.0,2018-10-12,1.6841000000000008
493,0.0,0.0,0.0,2018-10-12,1.6841000000000008
59,0.0,0.0,0.0,2018-10-12,1.6841000000000008
291,0.0,0.0,0.0,2018-10-12,1.6841000000000008
135,0.0,0.0,0.0,2018-10-12,1.6841000000000008
1232,0.0,0.0,0.0,2018-10-12,1.6841000000000008
420,0.5,0.2333333333333333,2.4908423985268417e-07,2018-10-12,1.6841000000000008
217,0.0,0.0,0.0,2018-10-12,1.6841000000000008
0,0.0,0.0,0.0,2018-10-12,1.6841000000000008
79,0.0,0.0,0.0,2018-10-12,1.6841000000000008
2461,0.0,0.0,0.0,2018-10-12,1.6841000000000008
535,0.0,0.0,0.0,2018-10-12,1.6841000000000008
87,0.25,0.3333333333333333,3.6854300794529805e-08,2018-10-12,1.6841000000000008
4,0.25,0.3,1.5250055501184747e-09,2018-10-12,1.6841000000000008
34,-0.25,0.5,-2.160424529334506e-08,2018-10-12,1.6841000000000008
177,0.0,0.0,0.0,2018-10-12,1.6841000000000008
65905,0.0,0.0,0.0,2018-10-12,1.6841000000000008
724,0.0,0.0,0.0,2018-10-12,1.6841000000000008
160,0.546875,0.65,2.891156355432942e-07,2018-10-12,1.6841000000000008
2165,0.0,0.0,0.0,2018-10-12,1.6841000000000008
298,0.21428571428571427,0.42857142857142855,1.3911785324550169e-07,2018-10-12,1.6841000000000008
2252,-0.16666666666666666,0.43333333333333335,-8.26778934912379e-07,2018-10-12,1.6841000000000008
14,0.0,0.0,0.0,2018-10-12,1.6841000000000008
201,0.0,0.0,0.0,2018-10-12,1.6841000000000008
148,0.0,0.0,0.0,2018-10-12,1.6841000000000008
107,0.0,0.0,0.0,2018-10-12,1.6841000000000008
50,0.0,0.0,0.0,2018-10-12,1.6841000000000008
11,0.0,0.0,0.0,2018-10-12,1.6841000000000008
92,0.0,0.0,0.0,2018-10-12,1.6841000000000008
64,0.0,0.0,0.0,2018-10-12,1.6841000000000008
199,0.0,0.0,0.0,2018-10-12,1.6841000000000008
697,0.0,0.0,0.0,2018-10-12,1.6841000000000008
3,0.0,0.0,0.0,2018-10-12,1.6841000000000008
183,-0.06111111111111111,0.45,-3.397253761812212e-09,2018-10-12,1.6841000000000008
3366,0.13636363636363635,0.45454545454545453,1.4084265697256967e-07,2018-10-12,1.6841000000000008
703,0.13636363636363635,0.45454545454545453,2.941544499456817e-08,2018-10-12,1.6841000000000008
424,0.0,0.0,0.0,2018-10-12,1.6841000000000008
683,0.0,0.0,0.0,2018-10-12,1.6841000000000008
3113,0.0,0.0,0.0,2018-10-12,1.6841000000000008
334,0.0,0.0,0.0,2018-10-12,1.6841000000000008
37635,0.0,0.0,0.0,2018-10-12,1.6841000000000008
2036,0.0,0.0,0.0,2018-10-12,1.6841000000000008
1253,-0.06111111111111111,0.45,-2.326097794290001e-08,2018-10-12,1.6841000000000008
7000,-0.06111111111111111,0.45,-1.2994959744636878e-07,2018-10-12,1.6841000000000008
248,0.0,0.0,0.0,2018-10-12,1.6841000000000008
388,0.13636363636363635,0.45454545454545453,1.623498244365925e-08,2018-10-12,1.6841000000000008
642,0.0,0.0,0.0,2018-10-12,1.6841000000000008
3862,-0.07676767676767678,0.695959595959596,-1.3928966666943632e-07,2018-10-12,1.6841000000000008
1372,0.13636363636363635,0.45454545454545453,5.740823688840332e-08,2018-10-12,1.6841000000000008
1617,-0.06111111111111111,0.45,-3.001835701011118e-08,2018-10-12,1.6841000000000008
467,0.0,0.0,0.0,2018-10-12,1.6841000000000008
92,-0.06111111111111111,0.45,-1.707908995009418e-09,2018-10-12,1.6841000000000008
23,0.0,0.0,0.0,2018-10-12,1.6841000000000008
745,-0.06111111111111111,0.45,-1.383035001393496e-08,2018-10-12,1.6841000000000008
1520,0.0,0.0,0.0,2018-10-12,1.6841000000000008
95,-0.06111111111111111,0.45,-1.7636016796292901e-09,2018-10-12,1.6841000000000008
25,-0.06111111111111111,0.45,-4.6410570516560276e-10,2018-10-12,1.6841000000000008
216,0.13636363636363635,0.45454545454545453,9.038031463480406e-09,2018-10-12,1.6841000000000008
111,-0.325,0.6083333333333334,-1.4814676023163463e-08,2018-10-12,1.6841000000000008
27674,0.0,0.0,0.0,2018-10-12,1.6841000000000008
51159,0.0,0.0,0.0,2018-10-12,1.6841000000000008
205,0.35,0.55,2.6639667476505596e-08,2018-10-12,1.6841000000000008
786,0.0,0.0,0.0,2018-10-12,1.6841000000000008
642,0.13636363636363635,0.45454545454545453,2.6863037960900098e-08,2018-10-12,1.6841000000000008
53,0.0,0.0,0.0,2018-10-12,1.6841000000000008
252,-0.06111111111111111,0.45,-4.678185508069275e-09,2018-10-12,1.6841000000000008
718,-0.06111111111111111,0.45,-1.332911585235611e-08,2018-10-12,1.6841000000000008
226,0.0,0.0,0.0,2018-10-12,1.6841000000000008
136,-0.06111111111111111,0.45,-2.524735036100879e-09,2018-10-12,1.6841000000000008
24824,0.0,0.0,0.0,2018-10-12,1.6841000000000008
23302,0.0,0.0,0.0,2018-10-12,1.6841000000000008
705,-0.06111111111111111,0.45,-1.3087780885669995e-08,2018-10-12,1.6841000000000008
4358,0.0,0.0,0.0,2018-10-12,1.6841000000000008
214,0.5,0.5,3.611586214743236e-08,2018-10-12,1.6841000000000008
807,0.0,0.0,0.0,2018-10-12,1.6841000000000008
965,0.0,0.0,0.0,2018-10-12,1.6841000000000008
130,0.13636363636363635,0.45454545454545453,5.439555973390986e-09,2018-10-12,1.6841000000000008
234,0.0,0.0,0.0,2018-10-12,1.6841000000000008
909,0.0,0.0,0.0,2018-10-12,1.6841000000000008
482,0.13636363636363635,0.45454545454545453,2.0168199839803497e-08,2018-10-12,1.6841000000000008
33598,0.1787878787878788,0.4181818181818182,1.6957461850464613e-06,2018-10-12,1.6841000000000008
1398,-0.06111111111111111,0.45,-2.59527910328605e-08,2018-10-12,1.6841000000000008
194,0.0,0.125,0.0,2018-10-12,1.6841000000000008
7269,0.0,0.0,0.0,2018-10-12,1.6841000000000008
217,0.0,0.0,0.0,2018-10-12,1.6841000000000008
50,-0.2,0.0,-0.0,2018-10-12,1.6841000000000008
54272,0.0,0.0,0.0,2018-10-12,1.6841000000000008
4487,-0.03571428571428571,0.14047619047619048,-1.519654862654366e-08,2018-10-12,1.6841000000000008
50,-0.06111111111111111,0.45,-9.282114103312055e-10,2018-10-12,1.6841000000000008
83,-0.06111111111111111,0.45,-1.5408309411498009e-09,2018-10-12,1.6841000000000008
1070,0.0,0.0,0.0,2018-10-12,1.6841000000000008
1479,-0.06111111111111111,0.45,-2.7456493517597058e-08,2018-10-12,1.6841000000000008
572,0.13636363636363635,0.45454545454545453,2.3934046282920336e-08,2018-10-12,1.6841000000000008
2154,0.0,0.0,0.0,2018-10-12,1.6841000000000008
435,-0.06111111111111111,0.45,-8.075439269881488e-09,2018-10-12,1.6841000000000008
167,0.0,0.0,0.0,2018-10-12,1.6841000000000008
3044,-0.06111111111111111,0.45,-5.650951066096379e-08,2018-10-12,1.6841000000000008
5204,0.0,0.0,0.0,2018-10-12,1.6841000000000008
228,-0.06111111111111111,0.45,-4.232644031110296e-09,2018-10-12,1.6841000000000008
88,0.4,1.0,2.376221210447886e-08,2018-10-12,1.6841000000000008
95,0.0,0.0,0.0,2018-10-12,1.6841000000000008
294,-0.06111111111111111,0.45,-5.457883092747488e-09,2018-10-12,1.6841000000000008
435,-0.2,0.0,-0.0,2018-10-12,1.6841000000000008
127,0.75,0.8,5.1439788703445717e-08,2018-10-12,1.6841000000000008
840,0.15,0.4518518518518519,3.843357791141088e-08,2018-10-12,1.6841000000000008
312,0.0,0.0,0.0,2018-10-12,1.6841000000000008
345,0.0,0.0,0.0,2018-10-12,1.6841000000000008
16,0.25,1.0,2.7002513755089614e-09,2018-10-12,1.6841000000000008
58,0.0,0.0,0.0,2018-10-12,1.6841000000000008
1511,-0.06111111111111111,0.45,-2.8050548820209028e-08,2018-10-12,1.6841000000000008
315,0.13636363636363635,0.45454545454545453,1.3180462550908927e-08,2018-10-12,1.6841000000000008
185,0.0,0.0,0.0,2018-10-12,1.6841000000000008
1,-0.07142857142857142,0.21428571428571427,-1.0332594549141433e-11,2018-10-12,1.6841000000000008
29,0.0,0.0,0.0,2018-10-12,1.6841000000000008
50,0.13636363636363635,0.45454545454545453,2.0921369128426867e-09,2018-10-12,1.6841000000000008
1990,0.0,0.0,0.0,2018-10-12,1.6841000000000008
9473802,0.1787878787878788,0.4181818181818182,0.00047815833083473814,2018-10-12,1.6841000000000008
89,-0.06111111111111111,0.45,-1.6522163103895456e-09,2018-10-12,1.6841000000000008
42542,-0.4,0.4,-4.5949637606760906e-06,2018-10-12,1.6841000000000008
195,0.0,0.0,0.0,2018-10-12,1.6841000000000008
966,0.13636363636363635,0.45454545454545453,4.042008515612071e-08,2018-10-12,1.6841000000000008
42,0.13636363636363635,0.45454545454545453,1.757395006787857e-09,2018-10-12,1.6841000000000008
0,0.3,0.1,0.0,2018-10-12,1.6841000000000008
43,0.0,0.0,0.0,2018-10-12,1.6841000000000008
80,0.0,0.0,0.0,2018-10-12,1.6841000000000008
939,0.0,0.0,0.0,2018-10-12,1.6841000000000008
472,0.0,0.0,0.0,2018-10-12,1.6841000000000008
118,0.0,0.0,0.0,2018-10-12,1.6841000000000008
195,0.13636363636363635,0.45454545454545453,8.159333960086478e-09,2018-10-12,1.6841000000000008
29,0.29166666666666663,0.7583333333333333,4.3300124704667566e-09,2018-10-12,1.6841000000000008
155,-0.06111111111111111,0.45,-2.877455372026737e-09,2018-10-12,1.6841000000000008
31,0.13636363636363635,0.45454545454545453,1.297124885962466e-09,2018-10-12,1.6841000000000008
