47,0.0,0.0,-0.0,2018-10-29,-1.4099999999999966,114.45
2094,-0.6,0.8,1.6234177329199045e-07,2018-10-29,-1.4099999999999966,114.45
166,0.8,1.0,-2.1449167754274448e-08,2018-10-29,-1.4099999999999966,114.45
746,0.0,0.0,-0.0,2018-10-29,-1.4099999999999966,114.45
435,0.7,0.8,-3.9345009525160056e-08,2018-10-29,-1.4099999999999966,114.45
66,0.0,0.0,-0.0,2018-10-29,-1.4099999999999966,114.45
79,0.0,0.0,-0.0,2018-10-29,-1.4099999999999966,114.45
559,0.26,0.26,-6.103386526849584e-09,2018-10-29,-1.4099999999999966,114.45
277,0.0,0.0,-0.0,2018-10-29,-1.4099999999999966,114.45
29082,0.25,0.3333333333333333,-3.91431160033766e-07,2018-10-29,-1.4099999999999966,114.45
122,0.0,0.0,-0.0,2018-10-29,-1.4099999999999966,114.45
261,0.0,0.0,-0.0,2018-10-29,-1.4099999999999966,114.45
207,0.5,0.5,-8.35839180183511e-09,2018-10-29,-1.4099999999999966,114.45
46,0.1,0.9,-6.686713441468088e-10,2018-10-29,-1.4099999999999966,114.45
420,0.3,0.5,-1.0175433497886222e-08,2018-10-29,-1.4099999999999966,114.45
49,0.0,0.0,-0.0,2018-10-29,-1.4099999999999966,114.45
726,0.0,0.0,-0.0,2018-10-29,-1.4099999999999966,114.45
0,0.0,0.0,-0.0,2018-10-29,-1.4099999999999966,114.45
371,0.0,0.0,-0.0,2018-10-29,-1.4099999999999966,114.45
899,0.26,0.26,-9.81564309058636e-09,2018-10-29,-1.4099999999999966,114.45
1013,0.06818181818181818,0.2772727272727273,-3.0931255516277213e-09,2018-10-29,-1.4099999999999966,114.45
53,0.032467532467532464,0.2987012987012987,-8.301845270839392e-11,2018-10-29,-1.4099999999999966,114.45
4084,0.0,0.0,-0.0,2018-10-29,-1.4099999999999966,114.45
243,0.0,0.0,-0.0,2018-10-29,-1.4099999999999966,114.45
473,0.0,0.0,-0.0,2018-10-29,-1.4099999999999966,114.45
612,0.0,0.0,-0.0,2018-10-29,-1.4099999999999966,114.45
1,0.0,0.0,-0.0,2018-10-29,-1.4099999999999966,114.45
99,-0.5,1.0,7.994983462624889e-09,2018-10-29,-1.4099999999999966,114.45
1,0.0,0.0,-0.0,2018-10-29,-1.4099999999999966,114.45
304,-0.1,0.1,4.91005044977367e-10,2018-10-29,-1.4099999999999966,114.45
148,0.5,1.0,-1.1952096489580642e-08,2018-10-29,-1.4099999999999966,114.45
992,0.0,0.0,-0.0,2018-10-29,-1.4099999999999966,114.45
1405,0.25,0.3,-1.7019623886345406e-08,2018-10-29,-1.4099999999999966,114.45
2037,0.0,0.0,-0.0,2018-10-29,-1.4099999999999966,114.45
7,0.0,0.0,-0.0,2018-10-29,-1.4099999999999966,114.45
57,0.0,0.0,-0.0,2018-10-29,-1.4099999999999966,114.45
1810,0.0,0.0,-0.0,2018-10-29,-1.4099999999999966,114.45
589,0.0,0.0,-0.0,2018-10-29,-1.4099999999999966,114.45
29,0.0,0.0,-0.0,2018-10-29,-1.4099999999999966,114.45
6118,0.0,0.0,-0.0,2018-10-29,-1.4099999999999966,114.45
13,0.13636363636363635,0.45454545454545453,-1.301462371827242e-10,2018-10-29,-1.4099999999999966,114.45
180,0.0,0.0,-0.0,2018-10-29,-1.4099999999999966,114.45
454,0.26,0.26,-4.956954352754402e-09,2018-10-29,-1.4099999999999966,114.45
98,-0.4,0.7,4.431966590190443e-09,2018-10-29,-1.4099999999999966,114.45
98,0.0,0.0,-0.0,2018-10-29,-1.4099999999999966,114.45
726,0.0,0.0,-0.0,2018-10-29,-1.4099999999999966,114.45
40,0.0,0.0,-0.0,2018-10-29,-1.4099999999999966,114.45
1584,0.0,0.0,-0.0,2018-10-29,-1.4099999999999966,114.45
67,0.1,0.5125,-5.546015043391558e-10,2018-10-29,-1.4099999999999966,114.45
2309,-0.08928571428571427,0.14285714285714285,4.756858589775526e-09,2018-10-29,-1.4099999999999966,114.45
390,0.3,0.8,-1.5117786911145243e-08,2018-10-29,-1.4099999999999966,114.45
141,0.0,0.0,-0.0,2018-10-29,-1.4099999999999966,114.45
8,0.0,0.0,-0.0,2018-10-29,-1.4099999999999966,114.45
1347,0.5,0.5,-5.439011476846325e-08,2018-10-29,-1.4099999999999966,114.45
2,0.0,0.0,-0.0,2018-10-29,-1.4099999999999966,114.45
240,0.33809523809523817,0.5595238095238094,-7.332992459226072e-09,2018-10-29,-1.4099999999999966,114.45
1,0.02708333333333332,0.6791666666666667,-2.970919254577394e-12,2018-10-29,-1.4099999999999966,114.45
823,-1.0,1.0,1.3292669474222793e-07,2018-10-29,-1.4099999999999966,114.45
280,0.1,0.4,-1.808965955179773e-09,2018-10-29,-1.4099999999999966,114.45
1972,0.0,0.0,-0.0,2018-10-29,-1.4099999999999966,114.45
160,0.0,0.0,-0.0,2018-10-29,-1.4099999999999966,114.45
17,0.0,0.0,-0.0,2018-10-29,-1.4099999999999966,114.45
1059,0.0,0.0,-0.0,2018-10-29,-1.4099999999999966,114.45
901,0.0,0.0,-0.0,2018-10-29,-1.4099999999999966,114.45
484,0.0,0.0,-0.0,2018-10-29,-1.4099999999999966,114.45
3119,-0.5,1.0,2.518823577770407e-07,2018-10-29,-1.4099999999999966,114.45
3515,0.0,0.0,-0.0,2018-10-29,-1.4099999999999966,114.45
301,0.0,0.0,-0.0,2018-10-29,-1.4099999999999966,114.45
89,0.0,0.0,-0.0,2018-10-29,-1.4099999999999966,114.45
911,0.24189453125,0.75,-2.6694270755853167e-08,2018-10-29,-1.4099999999999966,114.45
89,-0.07142857142857142,0.14285714285714285,1.4668182398961348e-10,2018-10-29,-1.4099999999999966,114.45
45,0.20833333333333331,0.4666666666666667,-7.066273262420987e-10,2018-10-29,-1.4099999999999966,114.45
7,0.0,1.0,-0.0,2018-10-29,-1.4099999999999966,114.45
33,0.0,0.0,-0.0,2018-10-29,-1.4099999999999966,114.45
4156,0.0,0.0,-0.0,2018-10-29,-1.4099999999999966,114.45
1653,-0.11666666666666668,0.7000000000000001,2.1803692778526202e-08,2018-10-29,-1.4099999999999966,114.45
1106,0.0,0.65,-0.0,2018-10-29,-1.4099999999999966,114.45
788,-0.07142857142857142,0.14285714285714285,1.2987109809417463e-09,2018-10-29,-1.4099999999999966,114.45
73,1.0,1.0,-1.1790581672153876e-08,2018-10-29,-1.4099999999999966,114.45
13,0.032467532467532464,0.2987012987012987,-2.036301670205889e-11,2018-10-29,-1.4099999999999966,114.45
996,0.65,0.65,-6.796705032135717e-08,2018-10-29,-1.4099999999999966,114.45
7072,0.0,0.0,-0.0,2018-10-29,-1.4099999999999966,114.45
2,0.0,0.0,-0.0,2018-10-29,-1.4099999999999966,114.45
3079,0.0,0.0,-0.0,2018-10-29,-1.4099999999999966,114.45
37,0.8,0.7,-3.346587017082579e-09,2018-10-29,-1.4099999999999966,114.45
66,-1.0,1.0,1.0659977950166518e-08,2018-10-29,-1.4099999999999966,114.45
7163,0.0,0.0,-0.0,2018-10-29,-1.4099999999999966,114.45
2798,-0.08928571428571427,0.14285714285714285,5.764266060715428e-09,2018-10-29,-1.4099999999999966,114.45
1749,0.0,0.0,-0.0,2018-10-29,-1.4099999999999966,114.45
126,0.0,0.0,-0.0,2018-10-29,-1.4099999999999966,114.45
808,0.0,0.0,-0.0,2018-10-29,-1.4099999999999966,114.45
1594,0.6,0.8,-1.2357821710956677e-07,2018-10-29,-1.4099999999999966,114.45
51,0.032467532467532464,0.2987012987012987,-7.988568090807717e-11,2018-10-29,-1.4099999999999966,114.45
878,0.0,1.0,-0.0,2018-10-29,-1.4099999999999966,114.45
284,0.0,0.0,-0.0,2018-10-29,-1.4099999999999966,114.45
29509,0.0,0.0,-0.0,2018-10-29,-1.4099999999999966,114.45
69,0.0,0.0,-0.0,2018-10-29,-1.4099999999999966,114.45
2163,0.2,0.30000000000000004,-2.096139300564562e-08,2018-10-29,-1.4099999999999966,114.45
294,-0.07142857142857142,0.14285714285714285,4.845444522802962e-10,2018-10-29,-1.4099999999999966,114.45
2824,0.0,0.65,-0.0,2018-10-29,-1.4099999999999966,114.45
348,0.0,0.0,-0.0,2018-10-29,-1.4099999999999966,114.45
1810,-0.2,0.8,4.662416975442898e-08,2018-10-29,-1.4099999999999966,114.45
335,0.43333333333333335,0.6333333333333334,-1.4801707053139295e-08,2018-10-29,-1.4099999999999966,114.45
260,-0.5,0.5,1.0464678984937441e-08,2018-10-29,-1.4099999999999966,114.45
198,-0.2,0.8,5.1003235421972035e-09,2018-10-29,-1.4099999999999966,114.45
35,0.0,0.0,-0.0,2018-10-29,-1.4099999999999966,114.45
43,0.5132670454545455,0.5909090909090909,-2.0996410832895623e-09,2018-10-29,-1.4099999999999966,114.45
357,0.0,0.0,-0.0,2018-10-29,-1.4099999999999966,114.45
295,0.0,0.0,-0.0,2018-10-29,-1.4099999999999966,114.45
1270,-0.2,0.8,3.271419645752752e-08,2018-10-29,-1.4099999999999966,114.45
2467,0.0,0.0,-0.0,2018-10-29,-1.4099999999999966,114.45
276,-0.2,0.8,7.109541907305192e-09,2018-10-29,-1.4099999999999966,114.45
404,0.15,0.9,-8.780670643669047e-09,2018-10-29,-1.4099999999999966,114.45
1429,0.0,0.0,-0.0,2018-10-29,-1.4099999999999966,114.45
498,0.0,0.1,-0.0,2018-10-29,-1.4099999999999966,114.45
324,-0.2,0.8,8.34598397814088e-09,2018-10-29,-1.4099999999999966,114.45
3395,0.0,0.0,-0.0,2018-10-29,-1.4099999999999966,114.45
521,0.0,0.0,-0.0,2018-10-29,-1.4099999999999966,114.45
152,-0.05,0.4,4.89424986372459e-10,2018-10-29,-1.4099999999999966,114.45
8,0.0,0.0,-0.0,2018-10-29,-1.4099999999999966,114.45
705,-0.2,0.6,1.3620182186549346e-08,2018-10-29,-1.4099999999999966,114.45
681,0.1,0.4,-4.3855054699953235e-09,2018-10-29,-1.4099999999999966,114.45
1053,0.0,0.0,-0.0,2018-10-29,-1.4099999999999966,114.45
282,0.1,1.0,-4.5400607288497825e-09,2018-10-29,-1.4099999999999966,114.45
760,0.0,0.0,-0.0,2018-10-29,-1.4099999999999966,114.45
105,0.0,0.0,-0.0,2018-10-29,-1.4099999999999966,114.45
3057,0.0,0.06666666666666667,-0.0,2018-10-29,-1.4099999999999966,114.45
224,0.0,0.0,-0.0,2018-10-29,-1.4099999999999966,114.45
192,-0.2,0.8,4.945768283342743e-09,2018-10-29,-1.4099999999999966,114.45
296,-0.375,0.5,8.935225902523508e-09,2018-10-29,-1.4099999999999966,114.45
29,0.0,0.0,-0.0,2018-10-29,-1.4099999999999966,114.45
54,-0.2,0.8,1.3909973296901466e-09,2018-10-29,-1.4099999999999966,114.45
158,0.0,0.0,-0.0,2018-10-29,-1.4099999999999966,114.45
15,0.13636363636363635,0.45454545454545453,-1.4968549088435626e-10,2018-10-29,-1.4099999999999966,114.45
14,0.0,0.0,-0.0,2018-10-29,-1.4099999999999966,114.45
833,-0.2,0.8,2.1457421770960965e-08,2018-10-29,-1.4099999999999966,114.45
165,0.0,0.0,-0.0,2018-10-29,-1.4099999999999966,114.45
178,0.0,0.0,-0.0,2018-10-29,-1.4099999999999966,114.45
153,0.0,0.0,-0.0,2018-10-29,-1.4099999999999966,114.45
909,0.0,0.0,-0.0,2018-10-29,-1.4099999999999966,114.45
115,0.0,0.0,-0.0,2018-10-29,-1.4099999999999966,114.45
1787,0.0,0.0,-0.0,2018-10-29,-1.4099999999999966,114.45
162540,0.0,0.0,-0.0,2018-10-29,-1.4099999999999966,114.45
289,0.0,0.0,-0.0,2018-10-29,-1.4099999999999966,114.45
264,0.0,0.0,-0.0,2018-10-29,-1.4099999999999966,114.45
318,-0.2,0.8,8.191428719286419e-09,2018-10-29,-1.4099999999999966,114.45
1046,0.0,0.0,-0.0,2018-10-29,-1.4099999999999966,114.45
1422,0.0,0.0,-0.0,2018-10-29,-1.4099999999999966,114.45
1991,0.0,0.0,-0.0,2018-10-29,-1.4099999999999966,114.45
10,0.0,0.0,-0.0,2018-10-29,-1.4099999999999966,114.45
13,0.0,0.0,-0.0,2018-10-29,-1.4099999999999966,114.45
2964,0.0,0.0,-0.0,2018-10-29,-1.4099999999999966,114.45
663,0.0,0.0,-0.0,2018-10-29,-1.4099999999999966,114.45
980,0.0,0.0,-0.0,2018-10-29,-1.4099999999999966,114.45
46,0.0,0.0,-0.0,2018-10-29,-1.4099999999999966,114.45
458,0.0,0.0,-0.0,2018-10-29,-1.4099999999999966,114.45
1827,0.2,0.4,-2.3531038160591646e-08,2018-10-29,-1.4099999999999966,114.45
115,0.0,0.0,-0.0,2018-10-29,-1.4099999999999966,114.45
624,-0.2,0.8,1.6073746920863913e-08,2018-10-29,-1.4099999999999966,114.45
575,0.0,0.0,-0.0,2018-10-29,-1.4099999999999966,114.45
658,0.0,0.0,-0.0,2018-10-29,-1.4099999999999966,114.45
432,0.0,0.0,-0.0,2018-10-29,-1.4099999999999966,114.45
34,0.0,0.0,-0.0,2018-10-29,-1.4099999999999966,114.45
374,0.0,0.0,-0.0,2018-10-29,-1.4099999999999966,114.45
649,0.0,0.0,-0.0,2018-10-29,-1.4099999999999966,114.45
438,-0.5,0.5,1.7628959213086923e-08,2018-10-29,-1.4099999999999966,114.45
7581,0.0,0.06666666666666667,-0.0,2018-10-29,-1.4099999999999966,114.45
245,0.0,0.0,-0.0,2018-10-29,-1.4099999999999966,114.45
401,0.0,0.0,-0.0,2018-10-29,-1.4099999999999966,114.45
271,0.0,0.0,-0.0,2018-10-29,-1.4099999999999966,114.45
376,0.22727272727272727,0.5454545454545454,-7.504232609669062e-09,2018-10-29,-1.4099999999999966,114.45
195,0.5,0.8888888888888888,-1.3952905313249922e-08,2018-10-29,-1.4099999999999966,114.45
163,0.0,0.0,-0.0,2018-10-29,-1.4099999999999966,114.45
83,-0.2,0.8,2.138014414153373e-09,2018-10-29,-1.4099999999999966,114.45
424,0.0,0.0,-0.0,2018-10-29,-1.4099999999999966,114.45
10,0.0,0.0,-0.0,2018-10-29,-1.4099999999999966,114.45
55,-0.2,0.8,1.416756539499223e-09,2018-10-29,-1.4099999999999966,114.45
540,-0.2,0.8,1.3909973296901466e-08,2018-10-29,-1.4099999999999966,114.45
123,0.1,0.1,-1.980239254072778e-10,2018-10-29,-1.4099999999999966,114.45
93,0.0,0.0,-0.0,2018-10-29,-1.4099999999999966,114.45
441,-0.05,0.4,1.4199764407253577e-09,2018-10-29,-1.4099999999999966,114.45
37,-0.2,0.8,9.530907629358412e-10,2018-10-29,-1.4099999999999966,114.45
488,0.0,0.0,-0.0,2018-10-29,-1.4099999999999966,114.45
896,-0.2,0.8,2.30802519889328e-08,2018-10-29,-1.4099999999999966,114.45
355,0.0,0.0,-0.0,2018-10-29,-1.4099999999999966,114.45
36,0.0,0.0,-0.0,2018-10-29,-1.4099999999999966,114.45
399,0.0,0.0,-0.0,2018-10-29,-1.4099999999999966,114.45
222,-0.0875,0.3375,1.0554735597355895e-09,2018-10-29,-1.4099999999999966,114.45
1204,-0.2,0.8,3.101408861012845e-08,2018-10-29,-1.4099999999999966,114.45
110,-0.2,0.8,2.833513078998446e-09,2018-10-29,-1.4099999999999966,114.45
21557,0.7,0.6000000000000001,-1.457639625367454e-06,2018-10-29,-1.4099999999999966,114.45
473,0.0,0.0,-0.0,2018-10-29,-1.4099999999999966,114.45
123,0.0,0.0,-0.0,2018-10-29,-1.4099999999999966,114.45
19,0.0,0.0,-0.0,2018-10-29,-1.4099999999999966,114.45
275,0.0,0.0,-0.0,2018-10-29,-1.4099999999999966,114.45
413,0.0,0.0,-0.0,2018-10-29,-1.4099999999999966,114.45
2698,0.0,0.0,-0.0,2018-10-29,-1.4099999999999966,114.45
273,0.0,0.0,-0.0,2018-10-29,-1.4099999999999966,114.45
698,0.0,0.0,-0.0,2018-10-29,-1.4099999999999966,114.45
54,-0.2,0.8,1.3909973296901466e-09,2018-10-29,-1.4099999999999966,114.45
266,0.5,0.5,-1.048248751387624e-08,2018-10-29,-1.4099999999999966,114.45
131,0.0,0.0,-0.0,2018-10-29,-1.4099999999999966,114.45
233,-0.8,0.8,2.350599305367256e-08,2018-10-29,-1.4099999999999966,114.45
313,-0.8,0.8,3.1576720282401336e-08,2018-10-29,-1.4099999999999966,114.45
161,0.1,0.1,-2.5378653980963534e-10,2018-10-29,-1.4099999999999966,114.45
2168,0.25,1.0,-8.543621402287101e-08,2018-10-29,-1.4099999999999966,114.45
318,0.4,0.6,-1.2030427775323827e-08,2018-10-29,-1.4099999999999966,114.45
4578,0.0,0.0,-0.0,2018-10-29,-1.4099999999999966,114.45
625,-0.05,0.4,1.970392389826361e-09,2018-10-29,-1.4099999999999966,114.45
9,0.0,0.0,-0.0,2018-10-29,-1.4099999999999966,114.45
3288,0.0,0.0,-0.0,2018-10-29,-1.4099999999999966,114.45
12,0.0,0.0,-0.0,2018-10-29,-1.4099999999999966,114.45
3,0.0,0.0,-0.0,2018-10-29,-1.4099999999999966,114.45
2,0.0,0.0,-0.0,2018-10-29,-1.4099999999999966,114.45
1279,0.8,0.9,-1.4515959551546396e-07,2018-10-29,-1.4099999999999966,114.45
347,0.5,0.8888888888888888,-2.4310263440702122e-08,2018-10-29,-1.4099999999999966,114.45
437,0.0,0.0,-0.0,2018-10-29,-1.4099999999999966,114.45
7739,0.8,0.75,-7.31945601833578e-07,2018-10-29,-1.4099999999999966,114.45
91,0.0,0.0,-0.0,2018-10-29,-1.4099999999999966,114.45
393,0.0,0.0,-0.0,2018-10-29,-1.4099999999999966,114.45
649,-0.8,0.8,6.54737746430622e-08,2018-10-29,-1.4099999999999966,114.45
171,0.0,0.0,-0.0,2018-10-29,-1.4099999999999966,114.45
412,0.5,0.5,-1.6236033292169213e-08,2018-10-29,-1.4099999999999966,114.45
3331,0.3214285714285714,0.6311507936507936,-1.0652093060039501e-07,2018-10-29,-1.4099999999999966,114.45
151,0.0,0.0,-0.0,2018-10-29,-1.4099999999999966,114.45
1256,0.1,0.4,-7.91940109319011e-09,2018-10-29,-1.4099999999999966,114.45
1527,0.0,0.0,-0.0,2018-10-29,-1.4099999999999966,114.45
330,0.0,0.0,-0.0,2018-10-29,-1.4099999999999966,114.45
152,-0.375,1.0,8.984989297608206e-09,2018-10-29,-1.4099999999999966,114.45
363,0.0,0.0,-0.0,2018-10-29,-1.4099999999999966,114.45
194,0.0,0.0,-0.0,2018-10-29,-1.4099999999999966,114.45
191,0.0,0.125,-0.0,2018-10-29,-1.4099999999999966,114.45
1050,0.1,0.4,-6.6205184298165736e-09,2018-10-29,-1.4099999999999966,114.45
9,0.0,0.0,-0.0,2018-10-29,-1.4099999999999966,114.45
9,0.0,0.0,-0.0,2018-10-29,-1.4099999999999966,114.45
394,0.0,0.0,-0.0,2018-10-29,-1.4099999999999966,114.45
70,0.0,0.0,-0.0,2018-10-29,-1.4099999999999966,114.45
90,0.0,0.0,-0.0,2018-10-29,-1.4099999999999966,114.45
243,0.0,0.0,-0.0,2018-10-29,-1.4099999999999966,114.45
245,0.1,0.4,-1.5447876336238673e-09,2018-10-29,-1.4099999999999966,114.45
295,0.0,0.0,-0.0,2018-10-29,-1.4099999999999966,114.45
444,0.0,0.0,-0.0,2018-10-29,-1.4099999999999966,114.45
1095,0.0,0.0,-0.0,2018-10-29,-1.4099999999999966,114.45
348,0.0,0.0,-0.0,2018-10-29,-1.4099999999999966,114.45
1943,0.0,0.0,-0.0,2018-10-29,-1.4099999999999966,114.45
6343,0.1,0.4,-3.999423657173955e-08,2018-10-29,-1.4099999999999966,114.45
1131,0.0,0.0,-0.0,2018-10-29,-1.4099999999999966,114.45
295,0.0,0.0,-0.0,2018-10-29,-1.4099999999999966,114.45
217,0.0,0.0,-0.0,2018-10-29,-1.4099999999999966,114.45
1072704,0.0,0.0,-0.0,2018-10-29,-1.4099999999999966,114.45
3668,0.0,0.0,-0.0,2018-10-29,-1.4099999999999966,114.45
84,-0.375,1.0,4.965388822362429e-09,2018-10-29,-1.4099999999999966,114.45
428,-0.8,0.8,4.317839067369895e-08,2018-10-29,-1.4099999999999966,114.45
98,-0.375,1.0,5.7929536260895e-09,2018-10-29,-1.4099999999999966,114.45
444,-0.3,0.3,6.29895039179691e-09,2018-10-29,-1.4099999999999966,114.45
265,-0.375,1.0,1.566461949911957e-08,2018-10-29,-1.4099999999999966,114.45
51,-0.375,1.0,3.014700356434332e-09,2018-10-29,-1.4099999999999966,114.45
39,-0.375,1.0,2.305359096096842e-09,2018-10-29,-1.4099999999999966,114.45
4659,0.0,1.0,-0.0,2018-10-29,-1.4099999999999966,114.45
46,-0.16666666666666666,0.35555555555555557,4.2969149597398566e-10,2018-10-29,-1.4099999999999966,114.45
1262,-0.6,0.7,8.355094258428513e-08,2018-10-29,-1.4099999999999966,114.45
1554,-0.8,0.8,1.5677387641805644e-07,2018-10-29,-1.4099999999999966,114.45
12,0.0,0.0,-0.0,2018-10-29,-1.4099999999999966,114.45
6647,0.0,0.4,-0.0,2018-10-29,-1.4099999999999966,114.45
3723,0.0,0.4,-0.0,2018-10-29,-1.4099999999999966,114.45
6772,0.0,0.4,-0.0,2018-10-29,-1.4099999999999966,114.45
250,0.0,0.0,-0.0,2018-10-29,-1.4099999999999966,114.45
1070,0.0,0.0,-0.0,2018-10-29,-1.4099999999999966,114.45
39,0.0,0.0,-0.0,2018-10-29,-1.4099999999999966,114.45
1273,0.13636363636363635,0.45454545454545453,-1.2437898407846069e-08,2018-10-29,-1.4099999999999966,114.45
149909,0.06818181818181818,0.22727272727272727,-3.6617299929728916e-07,2018-10-29,-1.4099999999999966,114.45
6341,0.8,0.75,-5.997243909066698e-07,2018-10-29,-1.4099999999999966,114.45
56,0.13636363636363635,0.45454545454545453,-5.47150283455915e-10,2018-10-29,-1.4099999999999966,114.45
2615,0.0,0.0,-0.0,2018-10-29,-1.4099999999999966,114.45
2065,0.06818181818181818,0.22727272727272727,-5.044041675609217e-09,2018-10-29,-1.4099999999999966,114.45
197216,0.06818181818181818,0.22727272727272727,-4.817267424198291e-07,2018-10-29,-1.4099999999999966,114.45
205,0.0,0.0,-0.0,2018-10-29,-1.4099999999999966,114.45
640,0.0,0.0,-0.0,2018-10-29,-1.4099999999999966,114.45
2851,-0.11666666666666668,0.5833333333333334,3.0584649607372535e-08,2018-10-29,-1.4099999999999966,114.45
208,0.0,0.0,-0.0,2018-10-29,-1.4099999999999966,114.45
362,0.0,0.0,-0.0,2018-10-29,-1.4099999999999966,114.45
505,0.5,0.5,-1.9900963137246243e-08,2018-10-29,-1.4099999999999966,114.45
1029,0.0,0.0,-0.0,2018-10-29,-1.4099999999999966,114.45
1417,0.0,0.0,-0.0,2018-10-29,-1.4099999999999966,114.45
11,0.8,1.0,-1.3871562424377581e-09,2018-10-29,-1.4099999999999966,114.45
1387,0.06818181818181818,0.22727272727272727,-3.387935014077473e-09,2018-10-29,-1.4099999999999966,114.45
2065,0.3,0.5,-4.882632341989722e-08,2018-10-29,-1.4099999999999966,114.45
92605,0.3,0.5,-2.1896182471184414e-06,2018-10-29,-1.4099999999999966,114.45
234,0.13636363636363635,0.45454545454545453,-2.2863065415836448e-09,2018-10-29,-1.4099999999999966,114.45
59,0.6,0.55,-3.06908318639354e-09,2018-10-29,-1.4099999999999966,114.45
82,0.5,0.5,-3.231443519315232e-09,2018-10-29,-1.4099999999999966,114.45
95,0.06818181818181818,0.22727272727272727,-2.32050343429964e-10,2018-10-29,-1.4099999999999966,114.45
2327,0.3590909090909091,0.75,-9.878813023607711e-08,2018-10-29,-1.4099999999999966,114.45
7485,-0.07500000000000001,0.85,7.521677389303659e-08,2018-10-29,-1.4099999999999966,114.45
452,0.0,0.0,-0.0,2018-10-29,-1.4099999999999966,114.45
312,-0.3,0.3,4.426289464505937e-09,2018-10-29,-1.4099999999999966,114.45
36,0.13636363636363635,0.45454545454545453,-3.517394679359454e-10,2018-10-29,-1.4099999999999966,114.45
3443,0.0,0.0,-0.0,2018-10-29,-1.4099999999999966,114.45
3198,0.0,0.0,-0.0,2018-10-29,-1.4099999999999966,114.45
3268,0.0,0.0,-0.0,2018-10-29,-1.4099999999999966,114.45
3055,-0.15555555555555559,0.2888888888888889,2.146294878646939e-08,2018-10-29,-1.4099999999999966,114.45
1467,0.25,0.25,-1.4334149877305475e-08,2018-10-29,-1.4099999999999966,114.45
6884,-0.15555555555555559,0.2888888888888889,4.836364629985443e-08,2018-10-29,-1.4099999999999966,114.45
650,0.25,0.25,-6.35119115218034e-09,2018-10-29,-1.4099999999999966,114.45
693,0.25,0.25,-6.7713468745553474e-09,2018-10-29,-1.4099999999999966,114.45
2175,0.25,0.25,-2.125206270152652e-08,2018-10-29,-1.4099999999999966,114.45
2560,-0.2,0.6000000000000001,4.802673038645664e-08,2018-10-29,-1.4099999999999966,114.45
3621,0.25,0.25,-3.538102024930002e-08,2018-10-29,-1.4099999999999966,114.45
21333,-0.43333333333333335,0.6333333333333334,9.15309957738596e-07,2018-10-29,-1.4099999999999966,114.45
856,0.25,0.3,-1.0036836233107146e-08,2018-10-29,-1.4099999999999966,114.45
1083,0.25,0.25,-1.0582061565863551e-08,2018-10-29,-1.4099999999999966,114.45
43350,-0.15555555555555559,0.2888888888888889,3.045560817981827e-07,2018-10-29,-1.4099999999999966,114.45
272,0.0,1.0,-0.0,2018-10-29,-1.4099999999999966,114.45
8647,0.0,0.0,-0.0,2018-10-29,-1.4099999999999966,114.45
180,0.0,0.0,-0.0,2018-10-29,-1.4099999999999966,114.45
7919,0.25,0.25,-7.737705036017863e-08,2018-10-29,-1.4099999999999966,114.45
46,0.0,0.0,-0.0,2018-10-29,-1.4099999999999966,114.45
1429,0.25,0.25,-1.3962849471485702e-08,2018-10-29,-1.4099999999999966,114.45
49312,0.25,0.25,-4.818306739943338e-07,2018-10-29,-1.4099999999999966,114.45
1199,0.25,0.25,-1.1715504909944967e-08,2018-10-29,-1.4099999999999966,114.45
21422,0.25,0.25,-2.093157182492419e-07,2018-10-29,-1.4099999999999966,114.45
9456,0.8,0.4,-4.7306329430659794e-07,2018-10-29,-1.4099999999999966,114.45
3069,0.0,0.0,-0.0,2018-10-29,-1.4099999999999966,114.45
832,0.25,0.25,-8.129524674790837e-09,2018-10-29,-1.4099999999999966,114.45
2463,0.25,0.25,-2.4066128935107965e-08,2018-10-29,-1.4099999999999966,114.45
7080,0.25,0.25,-6.917912824221048e-08,2018-10-29,-1.4099999999999966,114.45
232,0.25,0.25,-2.266886688162829e-09,2018-10-29,-1.4099999999999966,114.45
4621,0.25,0.25,-4.51520835603467e-08,2018-10-29,-1.4099999999999966,114.45
4039,0.25,0.25,-3.946532471331753e-08,2018-10-29,-1.4099999999999966,114.45
825,0.25,0.25,-8.061127231613509e-09,2018-10-29,-1.4099999999999966,114.45
8673,0.25,0.25,-8.474443209670783e-08,2018-10-29,-1.4099999999999966,114.45
726,0.25,0.25,-7.093791963819888e-09,2018-10-29,-1.4099999999999966,114.45
16479,0.25,0.25,-1.610173523027382e-07,2018-10-29,-1.4099999999999966,114.45
39,0.0,0.0,-0.0,2018-10-29,-1.4099999999999966,114.45
2811,0.25,0.25,-2.746645896735221e-08,2018-10-29,-1.4099999999999966,114.45
1890,0.25,0.25,-1.846730965787822e-08,2018-10-29,-1.4099999999999966,114.45
16556,0.25,0.25,-1.6176972417768878e-07,2018-10-29,-1.4099999999999966,114.45
7240,0.25,0.25,-7.074249837197794e-08,2018-10-29,-1.4099999999999966,114.45
4203,0.25,0.25,-4.1067779096329186e-08,2018-10-29,-1.4099999999999966,114.45
86843,0.25,0.25,-8.485484511212265e-07,2018-10-29,-1.4099999999999966,114.45
6220,0.25,0.25,-6.077601379471034e-08,2018-10-29,-1.4099999999999966,114.45
2580,0.25,0.25,-2.5209343342500427e-08,2018-10-29,-1.4099999999999966,114.45
9,0.0,0.1,-0.0,2018-10-29,-1.4099999999999966,114.45
1860,0.25,0.25,-1.817417775854682e-08,2018-10-29,-1.4099999999999966,114.45
288,0.25,0.25,-2.814066233581443e-09,2018-10-29,-1.4099999999999966,114.45
566,0.0,0.0,-0.0,2018-10-29,-1.4099999999999966,114.45
3636,0.25,0.25,-3.5527586198965716e-08,2018-10-29,-1.4099999999999966,114.45
2305,0.25,0.25,-2.2522300931962593e-08,2018-10-29,-1.4099999999999966,114.45
9273,0.25,0.25,-9.060707008333584e-08,2018-10-29,-1.4099999999999966,114.45
12567,0.0,0.0,-0.0,2018-10-29,-1.4099999999999966,114.45
10602,0.0,0.0,-0.0,2018-10-29,-1.4099999999999966,114.45
522,0.25,0.25,-5.1004950483663654e-09,2018-10-29,-1.4099999999999966,114.45
1238,0.25,0.25,-1.2096576379075788e-08,2018-10-29,-1.4099999999999966,114.45
8916,0.25,0.25,-8.711880048129217e-08,2018-10-29,-1.4099999999999966,114.45
637,0.0,0.0,-0.0,2018-10-29,-1.4099999999999966,114.45
201,0.25,0.25,-1.9639837255203822e-09,2018-10-29,-1.4099999999999966,114.45
201,0.25,0.25,-1.9639837255203822e-09,2018-10-29,-1.4099999999999966,114.45
10254,0.25,0.25,-1.0019248319147264e-07,2018-10-29,-1.4099999999999966,114.45
13531,0.25,0.25,-1.3221225766177257e-07,2018-10-29,-1.4099999999999966,114.45
315,0.25,0.25,-3.0778849429797033e-09,2018-10-29,-1.4099999999999966,114.45
9984,0.25,0.25,-9.755429609749001e-08,2018-10-29,-1.4099999999999966,114.45
19,-0.1125,0.2375,7.936546174397662e-11,2018-10-29,-1.4099999999999966,114.45
2231,0.25,0.25,-2.1799242246945137e-08,2018-10-29,-1.4099999999999966,114.45
662,0.25,0.25,-6.4684439119129e-09,2018-10-29,-1.4099999999999966,114.45
360,0.25,0.25,-3.5175827919768037e-09,2018-10-29,-1.4099999999999966,114.45
121,-0.25,0.05,2.364597321273296e-10,2018-10-29,-1.4099999999999966,114.45
357,0.25,0.25,-3.4882696020436637e-09,2018-10-29,-1.4099999999999966,114.45
3485,0.25,0.25,-3.405215563899767e-08,2018-10-29,-1.4099999999999966,114.45
2158,0.25,0.25,-2.108595462523873e-08,2018-10-29,-1.4099999999999966,114.45
5213,0.25,0.25,-5.0936553040486336e-08,2018-10-29,-1.4099999999999966,114.45
1306,0.0,0.0,-0.0,2018-10-29,-1.4099999999999966,114.45
3228,0.25,0.25,-3.1540992368058674e-08,2018-10-29,-1.4099999999999966,114.45
439,0.25,0.25,-4.289496793549492e-09,2018-10-29,-1.4099999999999966,114.45
5067,0.25,0.25,-4.950997779707351e-08,2018-10-29,-1.4099999999999966,114.45
445,0.25,0.25,-4.3481231734157715e-09,2018-10-29,-1.4099999999999966,114.45
1068,0.25,0.25,-1.0435495616197852e-08,2018-10-29,-1.4099999999999966,114.45
7740,-0.15555555555555559,0.2888888888888889,5.437748726915649e-08,2018-10-29,-1.4099999999999966,114.45
2875,0.25,0.25,-2.8091807019259196e-08,2018-10-29,-1.4099999999999966,114.45
218,0.25,0.25,-2.1300918018081757e-09,2018-10-29,-1.4099999999999966,114.45
6129,0.25,0.25,-5.988684703340509e-08,2018-10-29,-1.4099999999999966,114.45
562,0.0,0.0,-0.0,2018-10-29,-1.4099999999999966,114.45
24705,-0.1125,0.2375,1.0319598591499698e-07,2018-10-29,-1.4099999999999966,114.45
7,-0.5,1.0,5.471795454186139e-10,2018-10-29,-1.4099999999999966,114.45
2897,0.25,0.25,-2.8306770412102224e-08,2018-10-29,-1.4099999999999966,114.45
2217,0.25,0.25,-2.1662447360590485e-08,2018-10-29,-1.4099999999999966,114.45
1655,0.25,0.25,-1.617110977978225e-08,2018-10-29,-1.4099999999999966,114.45
1426,0.25,0.25,-1.3933536281552562e-08,2018-10-29,-1.4099999999999966,114.45
197,0.25,0.25,-1.9248994722761952e-09,2018-10-29,-1.4099999999999966,114.45
83,0.06818181818181818,0.22727272727272727,-2.0107394747525806e-10,2018-10-29,-1.4099999999999966,114.45
8413,0.25,0.25,-8.22039556358357e-08,2018-10-29,-1.4099999999999966,114.45
24725,0.25,0.25,-2.415895403656291e-07,2018-10-29,-1.4099999999999966,114.45
1340,0.25,0.25,-1.3093224836802547e-08,2018-10-29,-1.4099999999999966,114.45
40,0.06818181818181818,0.22727272727272727,-9.690310721699183e-11,2018-10-29,-1.4099999999999966,114.45
215,0.25,0.25,-2.1007786118750357e-09,2018-10-29,-1.4099999999999966,114.45
55602,0.25,0.25,-5.432906622208173e-07,2018-10-29,-1.4099999999999966,114.45
6350,0.25,0.25,-6.20462520251464e-08,2018-10-29,-1.4099999999999966,114.45
69,0.25,0.25,-6.742033684622207e-10,2018-10-29,-1.4099999999999966,114.45
262,0.25,0.25,-2.5600185874942294e-09,2018-10-29,-1.4099999999999966,114.45
4151,0.25,0.25,-4.055968380415476e-08,2018-10-29,-1.4099999999999966,114.45
17111,0.25,0.25,-1.671926643153197e-07,2018-10-29,-1.4099999999999966,114.45
72,-0.07142857142857142,0.14285714285714285,1.1460594341213037e-10,2018-10-29,-1.4099999999999966,114.45
768,-0.07142857142857142,0.14285714285714285,1.2224633963960574e-09,2018-10-29,-1.4099999999999966,114.45
586,-0.2875,0.65,1.7082425741000652e-08,2018-10-29,-1.4099999999999966,114.45
57,-0.07142857142857142,0.14285714285714285,9.072970520126987e-11,2018-10-29,-1.4099999999999966,114.45
26,0.35,0.65,-9.226892669126334e-10,2018-10-29,-1.4099999999999966,114.45
131,-0.07142857142857142,0.14285714285714285,2.0851914704151498e-10,2018-10-29,-1.4099999999999966,114.45
3363,0.0,0.0,-0.0,2018-10-29,-1.4099999999999966,114.45
620,-0.07142857142857142,0.14285714285714285,9.86884512715567e-10,2018-10-29,-1.4099999999999966,114.45
110,-0.125,0.375,8.04330774728363e-10,2018-10-29,-1.4099999999999966,114.45
2798,0.3181818181818182,0.4772727272727273,-6.62812068380514e-08,2018-10-29,-1.4099999999999966,114.45
10,0.0,0.0,-0.0,2018-10-29,-1.4099999999999966,114.45
361,-0.07142857142857142,0.14285714285714285,5.746214662747092e-10,2018-10-29,-1.4099999999999966,114.45
4709,0.0,0.0,-0.0,2018-10-29,-1.4099999999999966,114.45
564,-0.07142857142857142,0.14285714285714285,8.977465567283547e-10,2018-10-29,-1.4099999999999966,114.45
46,-0.75,1.0,5.381704092727956e-09,2018-10-29,-1.4099999999999966,114.45
44809,0.5,0.5,-1.7474549180510648e-06,2018-10-29,-1.4099999999999966,114.45
68,-0.07142857142857142,0.14285714285714285,1.082389465559009e-10,2018-10-29,-1.4099999999999966,114.45
180,-0.07142857142857142,0.14285714285714285,2.8651485853032594e-10,2018-10-29,-1.4099999999999966,114.45
586,0.0,0.5,-0.0,2018-10-29,-1.4099999999999966,114.45
87,0.5,0.5,-3.3928134497632765e-09,2018-10-29,-1.4099999999999966,114.45
385,0.0,0.1,-0.0,2018-10-29,-1.4099999999999966,114.45
10,0.0,0.0,-0.0,2018-10-29,-1.4099999999999966,114.45
151,0.0,0.0,-0.0,2018-10-29,-1.4099999999999966,114.45
329,-0.07142857142857142,0.14285714285714285,5.236854914248736e-10,2018-10-29,-1.4099999999999966,114.45
314,0.0,0.0,-0.0,2018-10-29,-1.4099999999999966,114.45
53,0.032467532467532464,0.2987012987012987,-8.017943355107146e-11,2018-10-29,-1.4099999999999966,114.45
612,0.0,0.0,-0.0,2018-10-29,-1.4099999999999966,114.45
48,-0.07142857142857142,0.14285714285714285,7.640396227475359e-11,2018-10-29,-1.4099999999999966,114.45
420,0.0,0.0,-0.0,2018-10-29,-1.4099999999999966,114.45
624,-0.07142857142857142,0.14285714285714285,9.932515095717967e-10,2018-10-29,-1.4099999999999966,114.45
274,0.5,0.5,-1.0685412473967101e-08,2018-10-29,-1.4099999999999966,114.45
140,0.0,0.0,-0.0,2018-10-29,-1.4099999999999966,114.45
13,0.13636363636363635,0.45454545454545453,-1.2569556810180276e-10,2018-10-29,-1.4099999999999966,114.45
586,0.35,0.35,-1.1197844298448587e-08,2018-10-29,-1.4099999999999966,114.45
37,-0.07142857142857142,0.14285714285714285,5.889472092012255e-11,2018-10-29,-1.4099999999999966,114.45
67,0.1,0.5125,-5.356355486494092e-10,2018-10-29,-1.4099999999999966,114.45
114,-0.07142857142857142,0.14285714285714285,1.8145941040253974e-10,2018-10-29,-1.4099999999999966,114.45
145,0.0,0.0,-0.0,2018-10-29,-1.4099999999999966,114.45
4108,0.0,0.0,-0.0,2018-10-29,-1.4099999999999966,114.45
1007,0.0,0.0,-0.0,2018-10-29,-1.4099999999999966,114.45
390,0.3,0.8,-1.460079719070541e-08,2018-10-29,-1.4099999999999966,114.45
284,0.0,0.0,-0.0,2018-10-29,-1.4099999999999966,114.45
1916,0.13636363636363635,0.45454545454545453,-1.852559296023493e-08,2018-10-29,-1.4099999999999966,114.45
350,0.0,0.0,-0.0,2018-10-29,-1.4099999999999966,114.45
641,0.0,0.0,-0.0,2018-10-29,-1.4099999999999966,114.45
31413,0.0,0.0,-0.0,2018-10-29,-1.4099999999999966,114.45
80,0.0,0.0,-0.0,2018-10-29,-1.4099999999999966,114.45
1,0.0,0.0,-0.0,2018-10-29,-1.4099999999999966,114.45
68,0.1875,0.44999999999999996,-8.950007893341056e-10,2018-10-29,-1.4099999999999966,114.45
456,0.0,0.0,-0.0,2018-10-29,-1.4099999999999966,114.45
51,0.0,0.0,-0.0,2018-10-29,-1.4099999999999966,114.45
76,0.0,0.0,-0.0,2018-10-29,-1.4099999999999966,114.45
641,0.0,0.0,-0.0,2018-10-29,-1.4099999999999966,114.45
2798,0.22083333333333333,0.6333333333333333,-6.104434020858691e-08,2018-10-29,-1.4099999999999966,114.45
89,-0.07142857142857142,0.14285714285714285,1.416656800511056e-10,2018-10-29,-1.4099999999999966,114.45
6881,-0.07142857142857142,0.14285714285714285,1.0952826341928738e-08,2018-10-29,-1.4099999999999966,114.45
641,0.0,0.0,-0.0,2018-10-29,-1.4099999999999966,114.45
12675,0.2,0.30000000000000004,-1.1863147717448149e-07,2018-10-29,-1.4099999999999966,114.45
404,0.0,0.0,-0.0,2018-10-29,-1.4099999999999966,114.45
567,-0.07142857142857142,0.14285714285714285,9.025218043705266e-10,2018-10-29,-1.4099999999999966,114.45
11149,0.0,0.0,-0.0,2018-10-29,-1.4099999999999966,114.45
38,-0.07142857142857142,0.14285714285714285,6.048647013417992e-11,2018-10-29,-1.4099999999999966,114.45
6588,0.0,0.0,-0.0,2018-10-29,-1.4099999999999966,114.45
13,0.032467532467532464,0.2987012987012987,-1.966665351252696e-11,2018-10-29,-1.4099999999999966,114.45
2131,0.0,0.0,-0.0,2018-10-29,-1.4099999999999966,114.45
60,-0.75,1.0,7.019614033992985e-09,2018-10-29,-1.4099999999999966,114.45
79,0.05,1.0,-6.161661207616065e-10,2018-10-29,-1.4099999999999966,114.45
213,-0.07142857142857142,0.14285714285714285,3.3904258259421905e-10,2018-10-29,-1.4099999999999966,114.45
3393,0.3333333333333333,0.5888888888888889,-1.0389548741719544e-07,2018-10-29,-1.4099999999999966,114.45
133,-0.033333333333333326,0.43333333333333335,2.996768559203425e-10,2018-10-29,-1.4099999999999966,114.45
43,0.0,0.0,-0.0,2018-10-29,-1.4099999999999966,114.45
385,0.3125,0.6041666666666666,-1.1338829671517894e-08,2018-10-29,-1.4099999999999966,114.45
51,0.032467532467532464,0.2987012987012987,-7.715379454914424e-11,2018-10-29,-1.4099999999999966,114.45
6,0.0,0.0,-0.0,2018-10-29,-1.4099999999999966,114.45
66,0.25,0.8,-2.059086783304609e-09,2018-10-29,-1.4099999999999966,114.45
881,0.032467532467532464,0.2987012987012987,-1.3327939803489425e-09,2018-10-29,-1.4099999999999966,114.45
226,-0.03571428571428571,0.07142857142857142,8.993383059424118e-11,2018-10-29,-1.4099999999999966,114.45
1,-0.7,0.2,2.1838799216867066e-11,2018-10-29,-1.4099999999999966,114.45
962,-0.07142857142857142,0.14285714285714285,1.5312627439231863e-09,2018-10-29,-1.4099999999999966,114.45
162,0.3352272727272727,0.4772727272727273,-4.0431671535669316e-09,2018-10-29,-1.4099999999999966,114.45
159,-0.07142857142857142,0.14285714285714285,2.5308812503512123e-10,2018-10-29,-1.4099999999999966,114.45
2798,0.0,0.0,-0.0,2018-10-29,-1.4099999999999966,114.45
258,0.0,0.0,-0.0,2018-10-29,-1.4099999999999966,114.45
83,0.0,0.0,-0.0,2018-10-29,-1.4099999999999966,114.45
46,0.0,0.0,-0.0,2018-10-29,-1.4099999999999966,114.45
2798,-0.2,0.4,3.491712011931089e-08,2018-10-29,-1.4099999999999966,114.45
1501,0.0,0.0,-0.0,2018-10-29,-1.4099999999999966,114.45
1777,-0.07142857142857142,0.14285714285714285,2.82853835337994e-09,2018-10-29,-1.4099999999999966,114.45
2250,0.0,0.0,-0.0,2018-10-29,-1.4099999999999966,114.45
73,-0.6999999999999998,0.6666666666666666,5.314107809437652e-09,2018-10-29,-1.4099999999999966,114.45
362,0.0,0.0,-0.0,2018-10-29,-1.4099999999999966,114.45
1238,0.0,0.0,-0.0,2018-10-29,-1.4099999999999966,114.45
324,-0.07142857142857142,0.14285714285714285,5.157267453545866e-10,2018-10-29,-1.4099999999999966,114.45
914,0.0,0.0,-0.0,2018-10-29,-1.4099999999999966,114.45
139,0.0,0.0,-0.0,2018-10-29,-1.4099999999999966,114.45
601,0.9765625,0.5,-4.577677988747596e-08,2018-10-29,-1.4099999999999966,114.45
850,1.0,0.4,-5.303708381239145e-08,2018-10-29,-1.4099999999999966,114.45
657,0.43333333333333335,0.4833333333333334,-2.1465199758835666e-08,2018-10-29,-1.4099999999999966,114.45
1,0.0,0.0,-0.0,2018-10-29,-1.4099999999999966,114.45
1364,0.2,0.2,-8.510892037659051e-09,2018-10-29,-1.4099999999999966,114.45
451,0.36250000000000004,0.7625000000000001,-1.9412658390089026e-08,2018-10-29,-1.4099999999999966,114.45
1002,0.0,0.0,-0.0,2018-10-29,-1.4099999999999966,114.45
17998,0.0,0.0,-0.0,2018-10-29,-1.4099999999999966,114.45
534,-0.20833333333333331,0.5416666666666666,9.384102474927687e-09,2018-10-29,-1.4099999999999966,114.45
243,0.36250000000000004,0.7625000000000001,-1.0459591992886106e-08,2018-10-29,-1.4099999999999966,114.45
182,0.1375,0.5375,-2.094658199628241e-09,2018-10-29,-1.4099999999999966,114.45
280,0.1375,0.5375,-3.2225510763511405e-09,2018-10-29,-1.4099999999999966,114.45
234,0.3,0.4,-4.3727808746090006e-09,2018-10-29,-1.4099999999999966,114.45
494,0.36250000000000004,0.7625000000000001,-2.126353269335694e-08,2018-10-29,-1.4099999999999966,114.45
1078,0.15000000000000002,0.85,-2.1403734590834547e-08,2018-10-29,-1.4099999999999966,114.45
2430,0.0,0.0,-0.0,2018-10-29,-1.4099999999999966,114.45
85,0.1375,0.5375,-9.782744338923104e-10,2018-10-29,-1.4099999999999966,114.45
274,0.1375,0.5375,-3.1534964104293297e-09,2018-10-29,-1.4099999999999966,114.45
59,0.1375,0.5375,-6.790375482311332e-10,2018-10-29,-1.4099999999999966,114.45
607,0.36250000000000004,0.7625000000000001,-2.6127458187991217e-08,2018-10-29,-1.4099999999999966,114.45
358,0.36250000000000004,0.7625000000000001,-1.5409604664416568e-08,2018-10-29,-1.4099999999999966,114.45
4303,0.36250000000000004,0.7625000000000001,-1.8521656109213543e-07,2018-10-29,-1.4099999999999966,114.45
473,0.1375,0.5375,-5.443809496836033e-09,2018-10-29,-1.4099999999999966,114.45
120,1.0,0.825,-1.541685564765994e-08,2018-10-29,-1.4099999999999966,114.45
927,0.36250000000000004,0.7625000000000001,-3.990140649138033e-08,2018-10-29,-1.4099999999999966,114.45
699,0.36250000000000004,0.7625000000000001,-3.0087468325215594e-08,2018-10-29,-1.4099999999999966,114.45
1097,0.36250000000000004,0.7625000000000001,-4.721881652755579e-08,2018-10-29,-1.4099999999999966,114.45
349,0.36250000000000004,0.7625000000000001,-1.502221236838375e-08,2018-10-29,-1.4099999999999966,114.45
546,0.36250000000000004,0.7625000000000001,-2.350179929265767e-08,2018-10-29,-1.4099999999999966,114.45
627,-0.06666666666666667,0.5236111111111111,3.408362253215683e-09,2018-10-29,-1.4099999999999966,114.45
19125,0.0,0.0,-0.0,2018-10-29,-1.4099999999999966,114.45
8,0.5,0.6,-3.7374195509478633e-10,2018-10-29,-1.4099999999999966,114.45
813,0.36250000000000004,0.7625000000000001,-3.499443740829795e-08,2018-10-29,-1.4099999999999966,114.45
2569,0.5,0.6,-1.2001788532981328e-07,2018-10-29,-1.4099999999999966,114.45
324,0.0,0.1,-0.0,2018-10-29,-1.4099999999999966,114.45
870,-0.3125,0.6875,2.9107344647274624e-08,2018-10-29,-1.4099999999999966,114.45
17341,-0.19999999999999998,0.75,4.0506620270616814e-07,2018-10-29,-1.4099999999999966,114.45
1079,0.06666666666666665,0.8333333333333334,-9.334897443223945e-09,2018-10-29,-1.4099999999999966,114.45
603,0.36250000000000004,0.7625000000000001,-2.5955283834198857e-08,2018-10-29,-1.4099999999999966,114.45
416,0.36250000000000004,0.7625000000000001,-1.7906132794405845e-08,2018-10-29,-1.4099999999999966,114.45
537,0.1375,0.5375,-6.180392600002008e-09,2018-10-29,-1.4099999999999966,114.45
781,0.36250000000000004,0.7625000000000001,-3.3617042577959044e-08,2018-10-29,-1.4099999999999966,114.45
759,0.36250000000000004,0.7625000000000001,-3.267008363210105e-08,2018-10-29,-1.4099999999999966,114.45
31,0.26,0.26,-3.2633901712359767e-10,2018-10-29,-1.4099999999999966,114.45
37,0.0,0.0,-0.0,2018-10-29,-1.4099999999999966,114.45
143,0.36250000000000004,0.7625000000000001,-6.155233148077009e-09,2018-10-29,-1.4099999999999966,114.45
83,0.3333333333333333,0.7555555555555555,-3.255246287893479e-09,2018-10-29,-1.4099999999999966,114.45
620,-0.8,0.9,6.951600364763028e-08,2018-10-29,-1.4099999999999966,114.45
2158,0.36250000000000004,0.7625000000000001,-9.288806387098031e-08,2018-10-29,-1.4099999999999966,114.45
45,0.1375,0.5375,-5.179099944135761e-10,2018-10-29,-1.4099999999999966,114.45
203,0.0,0.0,-0.0,2018-10-29,-1.4099999999999966,114.45
1112,0.36250000000000004,0.7625000000000001,-4.786447035427716e-08,2018-10-29,-1.4099999999999966,114.45
632,0.36250000000000004,0.7625000000000001,-2.7203547899193495e-08,2018-10-29,-1.4099999999999966,114.45
1524,0.0,0.0,-0.0,2018-10-29,-1.4099999999999966,114.45
444,0.36250000000000004,0.7625000000000001,-1.911135327095239e-08,2018-10-29,-1.4099999999999966,114.45
129,0.3333333333333333,0.7555555555555555,-5.059358688412756e-09,2018-10-29,-1.4099999999999966,114.45
249,0.5,0.5,-9.693931960271022e-09,2018-10-29,-1.4099999999999966,114.45
29,-1.0,1.0,4.516048624062002e-09,2018-10-29,-1.4099999999999966,114.45
19,0.1375,0.5375,-2.1867310875239882e-10,2018-10-29,-1.4099999999999966,114.45
979,0.8333333333333334,1.0,-1.2704631042979023e-07,2018-10-29,-1.4099999999999966,114.45
1102,0.0,0.0,-0.0,2018-10-29,-1.4099999999999966,114.45
249,0.0,0.0,-0.0,2018-10-29,-1.4099999999999966,114.45
22,0.25,0.3333333333333333,-2.8549732680851737e-10,2018-10-29,-1.4099999999999966,114.45
496,0.1375,0.5375,-5.7085190495363055e-09,2018-10-29,-1.4099999999999966,114.45
138,0.1375,0.5375,-1.5882573162016335e-09,2018-10-29,-1.4099999999999966,114.45
1040,0.0,0.0,-0.0,2018-10-29,-1.4099999999999966,114.45
44,-0.25,0.5,8.564919804255522e-10,2018-10-29,-1.4099999999999966,114.45
1351,0.1375,0.5375,-1.5548808943394252e-08,2018-10-29,-1.4099999999999966,114.45
930,0.36250000000000004,0.7625000000000001,-4.00305372567246e-08,2018-10-29,-1.4099999999999966,114.45
1013,0.13636363636363635,0.5,-1.0755698878153937e-08,2018-10-29,-1.4099999999999966,114.45
829,-0.65,0.95,7.971721244903513e-08,2018-10-29,-1.4099999999999966,114.45
182,0.36250000000000004,0.7625000000000001,-7.833933097552557e-09,2018-10-29,-1.4099999999999966,114.45
102,-0.125,0.925,1.8365913262079738e-09,2018-10-29,-1.4099999999999966,114.45
522,0.1375,0.5375,-6.007755935197482e-09,2018-10-29,-1.4099999999999966,114.45
462,0.36250000000000004,0.7625000000000001,-1.9886137863018028e-08,2018-10-29,-1.4099999999999966,114.45
282,0.0,0.1,-0.0,2018-10-29,-1.4099999999999966,114.45
2668,-0.125,0.925,4.8039467238459545e-08,2018-10-29,-1.4099999999999966,114.45
237,-0.5,1.0,1.8453509032805076e-08,2018-10-29,-1.4099999999999966,114.45
618,0.36250000000000004,0.7625000000000001,-2.6600937660920222e-08,2018-10-29,-1.4099999999999966,114.45
17,0.1375,0.5375,-1.9565488677846209e-10,2018-10-29,-1.4099999999999966,114.45
291,-0.625,1.0,2.832263253452678e-08,2018-10-29,-1.4099999999999966,114.45
813,0.36250000000000004,0.7625000000000001,-3.499443740829795e-08,2018-10-29,-1.4099999999999966,114.45
83,0.36250000000000004,0.7625000000000001,-3.572617841191551e-09,2018-10-29,-1.4099999999999966,114.45
2779,0.2,0.5,-4.327620388368381e-08,2018-10-29,-1.4099999999999966,114.45
491,0.0,0.0,-0.0,2018-10-29,-1.4099999999999966,114.45
559,0.26,0.26,-5.88462937329326e-09,2018-10-29,-1.4099999999999966,114.45
95,0.5,0.5,-3.698488097292157e-09,2018-10-29,-1.4099999999999966,114.45
1476,0.36250000000000004,0.7625000000000001,-6.353233654938226e-08,2018-10-29,-1.4099999999999966,114.45
684,0.36250000000000004,0.7625000000000001,-2.944181449849423e-08,2018-10-29,-1.4099999999999966,114.45
397,0.36250000000000004,0.7625000000000001,-1.7088304613892116e-08,2018-10-29,-1.4099999999999966,114.45
351,0.36250000000000004,0.7625000000000001,-1.510829954527993e-08,2018-10-29,-1.4099999999999966,114.45
411,0.36250000000000004,0.7625000000000001,-1.769091485216539e-08,2018-10-29,-1.4099999999999966,114.45
1474,-0.125,0.925,2.6540545243436796e-08,2018-10-29,-1.4099999999999966,114.45
2197,0.36250000000000004,0.7625000000000001,-9.456676382045586e-08,2018-10-29,-1.4099999999999966,114.45
891,0.36250000000000004,0.7625000000000001,-3.8351837307249055e-08,2018-10-29,-1.4099999999999966,114.45
15075,0.0,0.0,-0.0,2018-10-29,-1.4099999999999966,114.45
410,0.36250000000000004,0.7625000000000001,-1.7647871263717298e-08,2018-10-29,-1.4099999999999966,114.45
2050,0.4,0.75,-9.577137599303904e-08,2018-10-29,-1.4099999999999966,114.45
352,0.1375,0.5375,-4.0512070674128624e-09,2018-10-29,-1.4099999999999966,114.45
127,-0.1927272727272727,0.5533333333333333,2.1090862553400963e-09,2018-10-29,-1.4099999999999966,114.45
196,0.36250000000000004,0.7625000000000001,-8.43654333582583e-09,2018-10-29,-1.4099999999999966,114.45
331,0.36250000000000004,0.7625000000000001,-1.4247427776318111e-08,2018-10-29,-1.4099999999999966,114.45
93,0.1375,0.5375,-1.0703473217880574e-09,2018-10-29,-1.4099999999999966,114.45
1444,0.1375,0.5375,-1.6619156265182307e-08,2018-10-29,-1.4099999999999966,114.45
219,0.36250000000000004,0.7625000000000001,-9.426545870131922e-09,2018-10-29,-1.4099999999999966,114.45
