107,0.0,0.0,-0.0,2018-10-22,-1.1400000000001,1112.51
6877,0.21428571428571427,0.6428571428571429,-2.847168480591327e-08,2018-10-22,-1.1400000000001,1112.51
69,0.0,0.0,-0.0,2018-10-22,-1.1400000000001,1112.51
346,0.25807291666666665,0.32,-8.587662286376999e-10,2018-10-22,-1.1400000000001,1112.51
33,0.0,0.0,-0.0,2018-10-22,-1.1400000000001,1112.51
33,0.6,0.8,-4.760599287794019e-10,2018-10-22,-1.1400000000001,1112.51
1649,0.0,0.0,-0.0,2018-10-22,-1.1400000000001,1112.51
198,0.0,0.0,-0.0,2018-10-22,-1.1400000000001,1112.51
14815,0.0,0.0,-0.0,2018-10-22,-1.1400000000001,1112.51
2978,0.0,0.0,-0.0,2018-10-22,-1.1400000000001,1112.51
26,0.0,0.0,-0.0,2018-10-22,-1.1400000000001,1112.51
157,0.0,0.0,-0.0,2018-10-22,-1.1400000000001,1112.51
57,0.0,0.0,-0.0,2018-10-22,-1.1400000000001,1112.51
85,0.21428571428571427,0.6428571428571429,-3.5191118343792766e-10,2018-10-22,-1.1400000000001,1112.51
704400,0.0,0.0,-0.0,2018-10-22,-1.1400000000001,1112.51
159,0.0909090909090909,0.30303030303030304,-1.3164275098770922e-10,2018-10-22,-1.1400000000001,1112.51
896,0.625,1.0,-1.683040152250411e-08,2018-10-22,-1.1400000000001,1112.51
2570,0.0,0.0,-0.0,2018-10-22,-1.1400000000001,1112.51
2562,0.21428571428571427,0.6428571428571429,-1.0607017081976124e-08,2018-10-22,-1.1400000000001,1112.51
911,0.625,1.0,-1.711216047656389e-08,2018-10-22,-1.1400000000001,1112.51
194,0.25,0.3333333333333333,-4.858776630008626e-10,2018-10-22,-1.1400000000001,1112.51
2919,-0.1,0.1,8.772846793605267e-10,2018-10-22,-1.1400000000001,1112.51
325,0.1875,0.4375,-8.012520256074954e-10,2018-10-22,-1.1400000000001,1112.51
180,0.5,0.5,-1.3524429794869373e-09,2018-10-22,-1.1400000000001,1112.51
223,0.0,0.0,-0.0,2018-10-22,-1.1400000000001,1112.51
411,0.0,0.0,-0.0,2018-10-22,-1.1400000000001,1112.51
259,0.0,0.0,-0.0,2018-10-22,-1.1400000000001,1112.51
64,-0.2,0.05,1.9234744597147555e-11,2018-10-22,-1.1400000000001,1112.51
630,0.0,0.0,-0.0,2018-10-22,-1.1400000000001,1112.51
209,0.0,0.0,-0.0,2018-10-22,-1.1400000000001,1112.51
756,0.21428571428571427,0.6428571428571429,-3.1299394668126266e-09,2018-10-22,-1.1400000000001,1112.51
160,0.21428571428571427,0.6428571428571429,-6.624210511772755e-10,2018-10-22,-1.1400000000001,1112.51
976,0.0,0.0,-0.0,2018-10-22,-1.1400000000001,1112.51
98,0.0,0.0,-0.0,2018-10-22,-1.1400000000001,1112.51
1164,0.0,0.0,-0.0,2018-10-22,-1.1400000000001,1112.51
388,0.0,0.0,-0.0,2018-10-22,-1.1400000000001,1112.51
149,0.0,0.0,-0.0,2018-10-22,-1.1400000000001,1112.51
641,0.0,0.0,-0.0,2018-10-22,-1.1400000000001,1112.51
2217,0.0,0.0,-0.0,2018-10-22,-1.1400000000001,1112.51
1286,0.44999999999999996,0.45000000000000007,-7.826587522290908e-09,2018-10-22,-1.1400000000001,1112.51
995,0.5,0.5,-7.476004247719459e-09,2018-10-22,-1.1400000000001,1112.51
32,0.0,0.0,-0.0,2018-10-22,-1.1400000000001,1112.51
181,0.0,0.0,-0.0,2018-10-22,-1.1400000000001,1112.51
734,0.0,0.0,-0.0,2018-10-22,-1.1400000000001,1112.51
1335,0.21428571428571427,0.6428571428571429,-5.527075645760392e-09,2018-10-22,-1.1400000000001,1112.51
692,0.0,0.0,-0.0,2018-10-22,-1.1400000000001,1112.51
692,-0.1,0.3,6.239270278699738e-10,2018-10-22,-1.1400000000001,1112.51
692,0.0,0.0,-0.0,2018-10-22,-1.1400000000001,1112.51
1335,0.0,0.0,-0.0,2018-10-22,-1.1400000000001,1112.51
117,0.0,0.0,-0.0,2018-10-22,-1.1400000000001,1112.51
7224,0.25,0.3125,-1.696188903439867e-08,2018-10-22,-1.1400000000001,1112.51
692,0.0,0.0,-0.0,2018-10-22,-1.1400000000001,1112.51
692,0.0,0.0,-0.0,2018-10-22,-1.1400000000001,1112.51
73,0.7,0.6000000000000001,-9.214644833570999e-10,2018-10-22,-1.1400000000001,1112.51
692,0.0,0.0,-0.0,2018-10-22,-1.1400000000001,1112.51
571,0.0,0.0,-0.0,2018-10-22,-1.1400000000001,1112.51
692,0.0,0.0,-0.0,2018-10-22,-1.1400000000001,1112.51
692,0.0,0.0,-0.0,2018-10-22,-1.1400000000001,1112.51
14092,0.15000000000000002,0.35000000000000003,-2.2235064211418247e-08,2018-10-22,-1.1400000000001,1112.51
2690,0.0,0.0,-0.0,2018-10-22,-1.1400000000001,1112.51
692,0.0,0.0,-0.0,2018-10-22,-1.1400000000001,1112.51
692,0.8,0.7,-1.164663785357284e-08,2018-10-22,-1.1400000000001,1112.51
8795,0.25,0.3125,-2.0650583341297937e-08,2018-10-22,-1.1400000000001,1112.51
692,0.0,0.0,-0.0,2018-10-22,-1.1400000000001,1112.51
692,0.0,0.0,-0.0,2018-10-22,-1.1400000000001,1112.51
56,0.21428571428571427,0.6428571428571429,-2.3184736791204641e-10,2018-10-22,-1.1400000000001,1112.51
692,0.0,0.0,-0.0,2018-10-22,-1.1400000000001,1112.51
902,0.0,0.0,-0.0,2018-10-22,-1.1400000000001,1112.51
55,0.0,0.0,-0.0,2018-10-22,-1.1400000000001,1112.51
191,0.0,0.0,-0.0,2018-10-22,-1.1400000000001,1112.51
13,0.0,0.0,-0.0,2018-10-22,-1.1400000000001,1112.51
655,0.1787878787878788,0.4666666666666666,-1.6424516839322507e-09,2018-10-22,-1.1400000000001,1112.51
601,0.0,0.0,-0.0,2018-10-22,-1.1400000000001,1112.51
692,0.0,0.0,-0.0,2018-10-22,-1.1400000000001,1112.51
2061,0.5,0.5,-1.548547211512543e-08,2018-10-22,-1.1400000000001,1112.51
135,-0.06666666666666665,0.45555555555555555,1.2322258257547647e-10,2018-10-22,-1.1400000000001,1112.51
692,0.5,0.75,-7.799087848374671e-09,2018-10-22,-1.1400000000001,1112.51
692,0.0,0.0,-0.0,2018-10-22,-1.1400000000001,1112.51
36748,-0.0625,0.6222222222222222,4.295024966312368e-08,2018-10-22,-1.1400000000001,1112.51
6511,-0.05,0.4,3.9136694397508674e-09,2018-10-22,-1.1400000000001,1112.51
482,0.0,0.0,-0.0,2018-10-22,-1.1400000000001,1112.51
2,0.35,0.30000000000000004,-6.311400570939041e-12,2018-10-22,-1.1400000000001,1112.51
692,0.6,1.0,-1.2478540557399475e-08,2018-10-22,-1.1400000000001,1112.51
3,0.3333333333333333,0.5,-1.5027144216521525e-11,2018-10-22,-1.1400000000001,1112.51
18,0.0,0.0,-0.0,2018-10-22,-1.1400000000001,1112.51
33,0.0,0.125,-0.0,2018-10-22,-1.1400000000001,1112.51
3153,0.0,0.0,-0.0,2018-10-22,-1.1400000000001,1112.51
24,0.0,0.0,-0.0,2018-10-22,-1.1400000000001,1112.51
692,-0.3,0.6900000000000001,4.3050964923028185e-09,2018-10-22,-1.1400000000001,1112.51
9296,0.0,0.0,-0.0,2018-10-22,-1.1400000000001,1112.51
1674,0.05,0.4,-1.0062175767382815e-09,2018-10-22,-1.1400000000001,1112.51
6295,0.21428571428571427,0.6428571428571429,-2.606212823225593e-08,2018-10-22,-1.1400000000001,1112.51
26,0.0,0.0,-0.0,2018-10-22,-1.1400000000001,1112.51
692,0.0,0.0,-0.0,2018-10-22,-1.1400000000001,1112.51
438,0.0,0.8125,-0.0,2018-10-22,-1.1400000000001,1112.51
815,0.25,0.3333333333333333,-2.0411870894108403e-09,2018-10-22,-1.1400000000001,1112.51
633,0.21428571428571427,0.6428571428571429,-2.6207032837200963e-09,2018-10-22,-1.1400000000001,1112.51
692,0.0,0.0,-0.0,2018-10-22,-1.1400000000001,1112.51
279,0.1,0.4125,-3.4588729200378424e-10,2018-10-22,-1.1400000000001,1112.51
57,0.1787878787878788,0.4666666666666666,-1.4293090989944773e-10,2018-10-22,-1.1400000000001,1112.51
840,0.625,0.5,-7.836940311070949e-09,2018-10-22,-1.1400000000001,1112.51
2800,0.5,0.5,-2.0898507496189193e-08,2018-10-22,-1.1400000000001,1112.51
1051,0.0,0.0,-0.0,2018-10-22,-1.1400000000001,1112.51
191,0.0,0.0,-0.0,2018-10-22,-1.1400000000001,1112.51
373,0.0,0.0,-0.0,2018-10-22,-1.1400000000001,1112.51
3242,0.0,0.0,-0.0,2018-10-22,-1.1400000000001,1112.51
69,-0.6,0.7,8.651982103422326e-10,2018-10-22,-1.1400000000001,1112.51
45,0.0,1.0,-0.0,2018-10-22,-1.1400000000001,1112.51
120,0.4000000000000001,0.6333333333333334,-9.075923255487881e-10,2018-10-22,-1.1400000000001,1112.51
267,0.5,0.5,-1.992821964815184e-09,2018-10-22,-1.1400000000001,1112.51
80,0.0,0.0,-0.0,2018-10-22,-1.1400000000001,1112.51
22,0.0,0.0,-0.0,2018-10-22,-1.1400000000001,1112.51
15745,0.5,0.5,-1.1751678590267816e-07,2018-10-22,-1.1400000000001,1112.51
432,0.0,0.0,-0.0,2018-10-22,-1.1400000000001,1112.51
96,0.0,0.0,-0.0,2018-10-22,-1.1400000000001,1112.51
214,-0.5,0.5,1.5972430729230313e-09,2018-10-22,-1.1400000000001,1112.51
137,0.05555555555555557,0.24444444444444444,-5.5545063133610443e-11,2018-10-22,-1.1400000000001,1112.51
2760,0.4,0.8,-2.6367945458049e-08,2018-10-22,-1.1400000000001,1112.51
1980,0.0,0.0,-0.0,2018-10-22,-1.1400000000001,1112.51
72,0.0,0.0,-0.0,2018-10-22,-1.1400000000001,1112.51
6,0.0,0.0,-0.0,2018-10-22,-1.1400000000001,1112.51
455,0.0,0.0,-0.0,2018-10-22,-1.1400000000001,1112.51
6,0.0,0.0,-0.0,2018-10-22,-1.1400000000001,1112.51
6,0.0,0.0,-0.0,2018-10-22,-1.1400000000001,1112.51
523,0.35,0.33333333333333337,-1.8216532367511582e-09,2018-10-22,-1.1400000000001,1112.51
119,0.4,0.425,-6.039668666398677e-10,2018-10-22,-1.1400000000001,1112.51
783,0.0,0.0,-0.0,2018-10-22,-1.1400000000001,1112.51
2139,0.4,0.8,-2.0435157729987977e-08,2018-10-22,-1.1400000000001,1112.51
153,-0.5,0.5,1.1419541596131953e-09,2018-10-22,-1.1400000000001,1112.51
145,0.0,0.0,-0.0,2018-10-22,-1.1400000000001,1112.51
12200,0.1375,0.44999999999999996,-2.2536801208836884e-08,2018-10-22,-1.1400000000001,1112.51
166,1.0,1.0,-4.955931777667724e-09,2018-10-22,-1.1400000000001,1112.51
1490,0.0,0.1,-0.0,2018-10-22,-1.1400000000001,1112.51
1,-0.5,0.29999999999999993,4.4782516063262555e-12,2018-10-22,-1.1400000000001,1112.51
462,0.0,0.0,-0.0,2018-10-22,-1.1400000000001,1112.51
740,0.0,0.0,-0.0,2018-10-22,-1.1400000000001,1112.51
296,0.0,0.1,-0.0,2018-10-22,-1.1400000000001,1112.51
88,0.0,0.0,-0.0,2018-10-22,-1.1400000000001,1112.51
5115,0.07142857142857142,0.38095238095238093,-4.1553300619244975e-09,2018-10-22,-1.1400000000001,1112.51
126,0.0,0.0,-0.0,2018-10-22,-1.1400000000001,1112.51
980,0.0,0.0,-0.0,2018-10-22,-1.1400000000001,1112.51
980,0.0,0.0,-0.0,2018-10-22,-1.1400000000001,1112.51
164,0.0,0.0,-0.0,2018-10-22,-1.1400000000001,1112.51
5,0.0,0.0,-0.0,2018-10-22,-1.1400000000001,1112.51
153,0.1,0.25,-1.1419541596131953e-10,2018-10-22,-1.1400000000001,1112.51
603,-0.1,0.1,1.8002571457431552e-10,2018-10-22,-1.1400000000001,1112.51
25934,0.0,1.0,-0.0,2018-10-22,-1.1400000000001,1112.51
350,0.0,0.0,-0.0,2018-10-22,-1.1400000000001,1112.51
324,1.0,1.0,-9.673023469664714e-09,2018-10-22,-1.1400000000001,1112.51
252,-0.08333333333333333,0.26666666666666666,1.6718805996951355e-10,2018-10-22,-1.1400000000001,1112.51
116,0.0,0.0,-0.0,2018-10-22,-1.1400000000001,1112.51
2960,0.0,0.0,-0.0,2018-10-22,-1.1400000000001,1112.51
2960,0.0,0.0,-0.0,2018-10-22,-1.1400000000001,1112.51
770,0.0,0.0,-0.0,2018-10-22,-1.1400000000001,1112.51
41,0.0,0.0,-0.0,2018-10-22,-1.1400000000001,1112.51
2879,-0.6999999999999998,0.6666666666666666,4.0111202054352456e-08,2018-10-22,-1.1400000000001,1112.51
1876,0.0,0.0,-0.0,2018-10-22,-1.1400000000001,1112.51
179,0.0,0.0,-0.0,2018-10-22,-1.1400000000001,1112.51
179,0.0,0.0,-0.0,2018-10-22,-1.1400000000001,1112.51
1820,0.10416666666666666,0.5208333333333333,-2.947923149419048e-09,2018-10-22,-1.1400000000001,1112.51
96,0.13055555555555556,0.39444444444444443,-1.4759432701541449e-10,2018-10-22,-1.1400000000001,1112.51
159,0.0,0.0,-0.0,2018-10-22,-1.1400000000001,1112.51
273,0.0,0.0,-0.0,2018-10-22,-1.1400000000001,1112.51
25226,0.0,0.0,-0.0,2018-10-22,-1.1400000000001,1112.51
2879,0.0,0.0,-0.0,2018-10-22,-1.1400000000001,1112.51
125,0.0,0.0,-0.0,2018-10-22,-1.1400000000001,1112.51
1298,0.0,0.0,-0.0,2018-10-22,-1.1400000000001,1112.51
19379,0.2,0.35,-4.049921767686503e-08,2018-10-22,-1.1400000000001,1112.51
3497,0.0,0.0,-0.0,2018-10-22,-1.1400000000001,1112.51
179,0.0,0.0,-0.0,2018-10-22,-1.1400000000001,1112.51
121,0.0,0.0,-0.0,2018-10-22,-1.1400000000001,1112.51
36,0.0,0.0,-0.0,2018-10-22,-1.1400000000001,1112.51
82,0.0,0.0,-0.0,2018-10-22,-1.1400000000001,1112.51
12,-0.07777777777777779,0.6444444444444445,1.795723607079961e-11,2018-10-22,-1.1400000000001,1112.51
12200,0.0,1.0,-0.0,2018-10-22,-1.1400000000001,1112.51
2960,0.0,0.0,-0.0,2018-10-22,-1.1400000000001,1112.51
64,0.0,0.0,-0.0,2018-10-22,-1.1400000000001,1112.51
2879,0.0,0.3,-0.0,2018-10-22,-1.1400000000001,1112.51
4193,0.3,0.2,-7.510923594130397e-09,2018-10-22,-1.1400000000001,1112.51
86,0.05000000000000001,0.6555555555555556,-8.41579579648127e-11,2018-10-22,-1.1400000000001,1112.51
4193,0.2,0.3,-7.510923594130397e-09,2018-10-22,-1.1400000000001,1112.51
367,0.0,0.0,-0.0,2018-10-22,-1.1400000000001,1112.51
152,0.3433333333333333,0.5444444444444444,-8.482626790823577e-10,2018-10-22,-1.1400000000001,1112.51
2234,0.0,0.0,-0.0,2018-10-22,-1.1400000000001,1112.51
4772,0.5,0.15,-1.0685108332694445e-08,2018-10-22,-1.1400000000001,1112.51
2879,0.0,0.06666666666666667,-0.0,2018-10-22,-1.1400000000001,1112.51
67,0.19999999999999998,0.43333333333333335,-1.733580955160075e-10,2018-10-22,-1.1400000000001,1112.51
12557,0.0,0.0,-0.0,2018-10-22,-1.1400000000001,1112.51
1685,0.2,0.35,-3.521398513107879e-09,2018-10-22,-1.1400000000001,1112.51
64,0.0,0.5,-0.0,2018-10-22,-1.1400000000001,1112.51
10083,0.0,0.5,-0.0,2018-10-22,-1.1400000000001,1112.51
7217,0.0,0.0,-0.0,2018-10-22,-1.1400000000001,1112.51
68,0.0,0.0,-0.0,2018-10-22,-1.1400000000001,1112.51
843,0.5,0.15,-1.8875830520665167e-09,2018-10-22,-1.1400000000001,1112.51
72,0.0,0.0,-0.0,2018-10-22,-1.1400000000001,1112.51
289,0.24375000000000002,0.71875,-1.5116023420088208e-09,2018-10-22,-1.1400000000001,1112.51
5215,0.0,0.0,-0.0,2018-10-22,-1.1400000000001,1112.51
3372,0.0,0.0,-0.0,2018-10-22,-1.1400000000001,1112.51
44651,0.0,0.0,-0.0,2018-10-22,-1.1400000000001,1112.51
141,0.0,0.0,-0.0,2018-10-22,-1.1400000000001,1112.51
13852,0.0,0.0,-0.0,2018-10-22,-1.1400000000001,1112.51
2540,0.475,0.5375,-1.8538685016144885e-08,2018-10-22,-1.1400000000001,1112.51
7908,0.0,0.0,-0.0,2018-10-22,-1.1400000000001,1112.51
8915,0.0,0.0,-0.0,2018-10-22,-1.1400000000001,1112.51
4797,0.0,0.0,-0.0,2018-10-22,-1.1400000000001,1112.51
18,0.0,0.0,-0.0,2018-10-22,-1.1400000000001,1112.51
3211,0.0,0.0,-0.0,2018-10-22,-1.1400000000001,1112.51
6268,0.0,0.0,-0.0,2018-10-22,-1.1400000000001,1112.51
1871,0.0,0.0,-0.0,2018-10-22,-1.1400000000001,1112.51
7772,0.0,0.0,-0.0,2018-10-22,-1.1400000000001,1112.51
17306,0.0,0.0,-0.0,2018-10-22,-1.1400000000001,1112.51
105025,0.0,0.0,-0.0,2018-10-22,-1.1400000000001,1112.51
2964,0.0,0.0,-0.0,2018-10-22,-1.1400000000001,1112.51
211311,0.0,0.0,-0.0,2018-10-22,-1.1400000000001,1112.51
18340,0.0,0.0,-0.0,2018-10-22,-1.1400000000001,1112.51
32,0.1,0.3,-2.7443807462291022e-11,2018-10-22,-1.1400000000001,1112.51
60,0.0,0.0,-0.0,2018-10-22,-1.1400000000001,1112.51
5353,0.0,0.0,-0.0,2018-10-22,-1.1400000000001,1112.51
964,0.5,0.5,-6.889539165012643e-09,2018-10-22,-1.1400000000001,1112.51
11,0.0,0.1,-0.0,2018-10-22,-1.1400000000001,1112.51
64,0.0,0.0,-0.0,2018-10-22,-1.1400000000001,1112.51
233,0.0,0.0,-0.0,2018-10-22,-1.1400000000001,1112.51
14202,0.0,0.0,-0.0,2018-10-22,-1.1400000000001,1112.51
9694,0.1,0.575,-1.5934703644289925e-08,2018-10-22,-1.1400000000001,1112.51
521,0.0,0.0,-0.0,2018-10-22,-1.1400000000001,1112.51
546,0.3,1.0,-4.682599648253406e-09,2018-10-22,-1.1400000000001,1112.51
11187,0.0,0.0,-0.0,2018-10-22,-1.1400000000001,1112.51
561,0.375,0.75,-4.510539839749589e-09,2018-10-22,-1.1400000000001,1112.51
2506,0.0,0.0,-0.0,2018-10-22,-1.1400000000001,1112.51
3901,0.0,0.0,-0.0,2018-10-22,-1.1400000000001,1112.51
13,0.2,0.45,-3.344714034466719e-11,2018-10-22,-1.1400000000001,1112.51
8812,0.0,0.0,-0.0,2018-10-22,-1.1400000000001,1112.51
13126,0.3,1.0,-1.12571067734385e-07,2018-10-22,-1.1400000000001,1112.51
11187,0.0,0.0,-0.0,2018-10-22,-1.1400000000001,1112.51
7,0.0,0.0,-0.0,2018-10-22,-1.1400000000001,1112.51
39,0.0,0.0,-0.0,2018-10-22,-1.1400000000001,1112.51
552,0.4681818181818182,0.625,-4.617498570892574e-09,2018-10-22,-1.1400000000001,1112.51
96891,0.4681818181818182,0.625,-8.104964746962904e-07,2018-10-22,-1.1400000000001,1112.51
64,0.0,0.0,-0.0,2018-10-22,-1.1400000000001,1112.51
0,0.0,0.0,-0.0,2018-10-22,-1.1400000000001,1112.51
6745,0.0,0.0,-0.0,2018-10-22,-1.1400000000001,1112.51
532,0.0,0.0,-0.0,2018-10-22,-1.1400000000001,1112.51
7076,0.0,0.0,-0.0,2018-10-22,-1.1400000000001,1112.51
9,0.0,0.0,-0.0,2018-10-22,-1.1400000000001,1112.51
109,-0.46666666666666673,0.6666666666666666,9.69427087672595e-10,2018-10-22,-1.1400000000001,1112.51
109,0.0,0.0,-0.0,2018-10-22,-1.1400000000001,1112.51
3455,-0.5,1.0,4.938455978240391e-08,2018-10-22,-1.1400000000001,1112.51
25,0.20714285714285713,0.35,-5.181448023479425e-11,2018-10-22,-1.1400000000001,1112.51
30,0.3,1.0,-2.572856949589783e-10,2018-10-22,-1.1400000000001,1112.51
198,0.0,0.0,-0.0,2018-10-22,-1.1400000000001,1112.51
66,0.5,0.5,-4.71690440758127e-10,2018-10-22,-1.1400000000001,1112.51
1106,-0.2,0.4,2.5294042544411564e-09,2018-10-22,-1.1400000000001,1112.51
44,0.0,0.0,-0.0,2018-10-22,-1.1400000000001,1112.51
141,0.0,0.0,-0.0,2018-10-22,-1.1400000000001,1112.51
645,0.4,0.75,-5.5316424416180354e-09,2018-10-22,-1.1400000000001,1112.51
9562,0.0,0.0,-0.0,2018-10-22,-1.1400000000001,1112.51
40,0.4,0.75,-3.430475932786379e-10,2018-10-22,-1.1400000000001,1112.51
33,0.13636363636363635,0.45454545454545453,-5.847402158158598e-11,2018-10-22,-1.1400000000001,1112.51
1734,0.0,0.0,-0.0,2018-10-22,-1.1400000000001,1112.51
146,0.0,0.0,-0.0,2018-10-22,-1.1400000000001,1112.51
4391,0.4,0.75,-3.765804955216247e-08,2018-10-22,-1.1400000000001,1112.51
202,0.4,0.75,-1.7323903460571214e-09,2018-10-22,-1.1400000000001,1112.51
618169,0.4,0.75,-5.301534692236557e-06,2018-10-22,-1.1400000000001,1112.51
2348,0.3,1.0,-2.0136893725456034e-08,2018-10-22,-1.1400000000001,1112.51
1026,0.0,0.0,-0.0,2018-10-22,-1.1400000000001,1112.51
6268,0.0,0.0,-0.0,2018-10-22,-1.1400000000001,1112.51
3951,0.0,0.0,-0.0,2018-10-22,-1.1400000000001,1112.51
12102,0.0,0.0,-0.0,2018-10-22,-1.1400000000001,1112.51
2911,0.0,0.0,-0.0,2018-10-22,-1.1400000000001,1112.51
4523,0.0,0.0,-0.0,2018-10-22,-1.1400000000001,1112.51
327,0.3,1.0,-2.8044140750528638e-09,2018-10-22,-1.1400000000001,1112.51
222,0.0,0.0,-0.0,2018-10-22,-1.1400000000001,1112.51
587,0.0,0.0,-0.0,2018-10-22,-1.1400000000001,1112.51
9,0.0,0.0,-0.0,2018-10-22,-1.1400000000001,1112.51
118,0.0,0.0,-0.0,2018-10-22,-1.1400000000001,1112.51
1078,-1.0,1.0,3.081710879619763e-08,2018-10-22,-1.1400000000001,1112.51
1795,0.0,0.0,-0.0,2018-10-22,-1.1400000000001,1112.51
7697,0.0,0.0,-0.0,2018-10-22,-1.1400000000001,1112.51
1648,0.0,0.0,-0.0,2018-10-22,-1.1400000000001,1112.51
44651,0.0,0.0,-0.0,2018-10-22,-1.1400000000001,1112.51
132,0.3,1.0,-1.1320570578195046e-09,2018-10-22,-1.1400000000001,1112.51
1140,0.3,1.0,-9.776856408441177e-09,2018-10-22,-1.1400000000001,1112.51
585,-0.2,0.4,1.3378856137866876e-09,2018-10-22,-1.1400000000001,1112.51
1003,-0.2,0.4,2.293844907056492e-09,2018-10-22,-1.1400000000001,1112.51
115585,0.0,0.0,-0.0,2018-10-22,-1.1400000000001,1112.51
379,0.0,0.0,-0.0,2018-10-22,-1.1400000000001,1112.51
17,-1.0,1.0,4.859840904780702e-10,2018-10-22,-1.1400000000001,1112.51
465,0.0,0.0,-0.0,2018-10-22,-1.1400000000001,1112.51
122,0.13636363636363635,0.45454545454545453,-2.1617668584707546e-10,2018-10-22,-1.1400000000001,1112.51
32,0.3,1.0,-2.744380746229102e-10,2018-10-22,-1.1400000000001,1112.51
4257,0.0,0.0,-0.0,2018-10-22,-1.1400000000001,1112.51
388,0.0,0.0,-0.0,2018-10-22,-1.1400000000001,1112.51
291,0.0,0.0,-0.0,2018-10-22,-1.1400000000001,1112.51
7329,0.0,0.0,-0.0,2018-10-22,-1.1400000000001,1112.51
1279,0.13636363636363635,0.45454545454545453,-2.2663113212984385e-09,2018-10-22,-1.1400000000001,1112.51
2395,0.3,1.0,-2.053997464755844e-08,2018-10-22,-1.1400000000001,1112.51
42,0.3,1.0,-3.601999729425697e-10,2018-10-22,-1.1400000000001,1112.51
522,0.0,0.0,-0.0,2018-10-22,-1.1400000000001,1112.51
707,0.0,0.0,-0.0,2018-10-22,-1.1400000000001,1112.51
540,0.0,0.0,-0.0,2018-10-22,-1.1400000000001,1112.51
14,0.25,0.65,-6.443309975788846e-11,2018-10-22,-1.1400000000001,1112.51
831,0.0,0.0,-0.0,2018-10-22,-1.1400000000001,1112.51
1,0.25,0.65,-4.602364268420604e-12,2018-10-22,-1.1400000000001,1112.51
56,0.25,0.65,-2.5773239903155383e-10,2018-10-22,-1.1400000000001,1112.51
16,0.07500000000000001,1.0,-3.398668998218292e-11,2018-10-22,-1.1400000000001,1112.51
183,0.0,0.0,-0.0,2018-10-22,-1.1400000000001,1112.51
10164,0.0,0.0,-0.0,2018-10-22,-1.1400000000001,1112.51
58,0.0,0.0,-0.0,2018-10-22,-1.1400000000001,1112.51
43,0.0,0.0,-0.0,2018-10-22,-1.1400000000001,1112.51
286,0.0,0.0,-0.0,2018-10-22,-1.1400000000001,1112.51
178,0.018181818181818174,0.275,-2.520679507011899e-11,2018-10-22,-1.1400000000001,1112.51
521,0.0,0.0,-0.0,2018-10-22,-1.1400000000001,1112.51
930,0.0,0.0,-0.0,2018-10-22,-1.1400000000001,1112.51
679,0.0,0.0,-0.0,2018-10-22,-1.1400000000001,1112.51
956,0.0,0.0,-0.0,2018-10-22,-1.1400000000001,1112.51
528,0.0,0.0,-0.0,2018-10-22,-1.1400000000001,1112.51
405,0.0,0.0,-0.0,2018-10-22,-1.1400000000001,1112.51
36,-0.16666666666666666,0.43333333333333335,7.363782829472964e-11,2018-10-22,-1.1400000000001,1112.51
92,0.25,0.65,-4.2341751269469547e-10,2018-10-22,-1.1400000000001,1112.51
6493,0.0,0.0,-0.0,2018-10-22,-1.1400000000001,1112.51
338,0.0,0.0,-0.0,2018-10-22,-1.1400000000001,1112.51
13,0.25,0.65,-5.983073548946785e-11,2018-10-22,-1.1400000000001,1112.51
22,0.25,0.65,-1.0125201390525327e-10,2018-10-22,-1.1400000000001,1112.51
7,0.0,0.0,-0.0,2018-10-22,-1.1400000000001,1112.51
317,0.55,0.65,-3.209688840796529e-09,2018-10-22,-1.1400000000001,1112.51
6205,0.0,0.0,-0.0,2018-10-22,-1.1400000000001,1112.51
2,0.25,0.65,-9.204728536841208e-12,2018-10-22,-1.1400000000001,1112.51
1691,0.06818181818181818,0.22727272727272727,-7.421422102256108e-10,2018-10-22,-1.1400000000001,1112.51
13,0.25,0.65,-5.983073548946785e-11,2018-10-22,-1.1400000000001,1112.51
42,0.25,0.65,-1.9329929927366532e-10,2018-10-22,-1.1400000000001,1112.51
53,0.0,0.0,-0.0,2018-10-22,-1.1400000000001,1112.51
62,0.25,0.65,-2.853465846420774e-10,2018-10-22,-1.1400000000001,1112.51
114,0.3833333333333333,0.45555555555555555,-5.638328929729364e-10,2018-10-22,-1.1400000000001,1112.51
6439,0.0,0.0,-0.0,2018-10-22,-1.1400000000001,1112.51
1052,0.0,1.0,-0.0,2018-10-22,-1.1400000000001,1112.51
1456,0.0,0.0,-0.0,2018-10-22,-1.1400000000001,1112.51
2641,0.0,0.0,-0.0,2018-10-22,-1.1400000000001,1112.51
283,0.0,0.0,-0.0,2018-10-22,-1.1400000000001,1112.51
17,0.0,0.0,-0.0,2018-10-22,-1.1400000000001,1112.51
16,0.75,0.8,-2.718935198574634e-10,2018-10-22,-1.1400000000001,1112.51
1246,0.0,0.0,-0.0,2018-10-22,-1.1400000000001,1112.51
6,0.13636363636363635,0.5,-1.1586371584835084e-11,2018-10-22,-1.1400000000001,1112.51
154,0.44999999999999996,0.4,-7.850925385884254e-10,2018-10-22,-1.1400000000001,1112.51
0,0.25,0.65,-0.0,2018-10-22,-1.1400000000001,1112.51
599,0.25,0.65,-2.756816196783942e-09,2018-10-22,-1.1400000000001,1112.51
69,0.25,0.65,-3.175631345210217e-10,2018-10-22,-1.1400000000001,1112.51
453,0.0,0.0,-0.0,2018-10-22,-1.1400000000001,1112.51
132,0.0,0.0,-0.0,2018-10-22,-1.1400000000001,1112.51
60,-0.3068181818181818,0.75,3.9104004098818413e-10,2018-10-22,-1.1400000000001,1112.51
22,0.3496212121212121,0.5848484848484848,-1.2740645973771217e-10,2018-10-22,-1.1400000000001,1112.51
104,0.0,0.0,-0.0,2018-10-22,-1.1400000000001,1112.51
1252,0.25,0.65,-5.762160064062596e-09,2018-10-22,-1.1400000000001,1112.51
23,0.25,0.65,-1.0585437817367387e-10,2018-10-22,-1.1400000000001,1112.51
2,0.44999999999999996,0.9,-2.294101573797347e-11,2018-10-22,-1.1400000000001,1112.51
295,0.17069805194805193,0.34285714285714286,-4.88980349364484e-10,2018-10-22,-1.1400000000001,1112.51
5,0.0,0.0,-0.0,2018-10-22,-1.1400000000001,1112.51
68,0.0,0.06666666666666667,-0.0,2018-10-22,-1.1400000000001,1112.51
6236,0.0,0.0,-0.0,2018-10-22,-1.1400000000001,1112.51
1,0.25,0.65,-4.602364268420604e-12,2018-10-22,-1.1400000000001,1112.51
178,0.0,0.0,-0.0,2018-10-22,-1.1400000000001,1112.51
7115,0.0,0.0,-0.0,2018-10-22,-1.1400000000001,1112.51
210,0.0,0.0,-0.0,2018-10-22,-1.1400000000001,1112.51
30673,0.0,0.0,-0.0,2018-10-22,-1.1400000000001,1112.51
84,0.0,0.0,-0.0,2018-10-22,-1.1400000000001,1112.51
14,0.0,0.0,-0.0,2018-10-22,-1.1400000000001,1112.51
60,0.25,0.65,-2.761418561052362e-10,2018-10-22,-1.1400000000001,1112.51
438,0.0,0.0,-0.0,2018-10-22,-1.1400000000001,1112.51
209038,0.375,0.75,-1.665119461053645e-06,2018-10-22,-1.1400000000001,1112.51
7456,0.0,0.0,-0.0,2018-10-22,-1.1400000000001,1112.51
2,0.0,0.0,-0.0,2018-10-22,-1.1400000000001,1112.51
144,0.0,0.0,-0.0,2018-10-22,-1.1400000000001,1112.51
33,0.25,0.65,-1.518780208578799e-10,2018-10-22,-1.1400000000001,1112.51
613,0.0,0.0,-0.0,2018-10-22,-1.1400000000001,1112.51
38,0.25,0.65,-1.748898421999829e-10,2018-10-22,-1.1400000000001,1112.51
99,0.125,0.3,-1.051463221323784e-10,2018-10-22,-1.1400000000001,1112.51
9,0.25,0.65,-4.142127841578543e-11,2018-10-22,-1.1400000000001,1112.51
8632,0.6278645833333333,0.55,-8.442435107759147e-08,2018-10-22,-1.1400000000001,1112.51
14,0.35,0.55,-7.632844125165248e-11,2018-10-22,-1.1400000000001,1112.51
8,0.25,0.65,-3.681891414736483e-11,2018-10-22,-1.1400000000001,1112.51
669,0.6,0.825,-9.379051934208153e-09,2018-10-22,-1.1400000000001,1112.51
655,0.25,0.65,-3.014548595815495e-09,2018-10-22,-1.1400000000001,1112.51
9314,0.0,0.0,-0.0,2018-10-22,-1.1400000000001,1112.51
0,0.0,0.0,-0.0,2018-10-22,-1.1400000000001,1112.51
2,-0.6,1.0,3.3986689982182917e-11,2018-10-22,-1.1400000000001,1112.51
84,0.25,0.65,-3.8659859854733064e-10,2018-10-22,-1.1400000000001,1112.51
1739,0.0,0.0,-0.0,2018-10-22,-1.1400000000001,1112.51
111,0.25,0.65,-5.108624337946869e-10,2018-10-22,-1.1400000000001,1112.51
9,0.25,0.65,-4.142127841578543e-11,2018-10-22,-1.1400000000001,1112.51
147,0.0,0.0,-0.0,2018-10-22,-1.1400000000001,1112.51
31,0.0,0.0,-0.0,2018-10-22,-1.1400000000001,1112.51
236,-0.375,0.55,1.3785851124022949e-09,2018-10-22,-1.1400000000001,1112.51
223,0.0,0.0,-0.0,2018-10-22,-1.1400000000001,1112.51
63,0.0,0.0,-0.0,2018-10-22,-1.1400000000001,1112.51
591,0.0,0.0,-0.0,2018-10-22,-1.1400000000001,1112.51
54,-0.03181818181818183,0.4,1.9465104262522953e-11,2018-10-22,-1.1400000000001,1112.51
22,0.0,0.0,-0.0,2018-10-22,-1.1400000000001,1112.51
903,0.0,0.0,-0.0,2018-10-22,-1.1400000000001,1112.51
56,0.43125,0.525,-3.570460468138679e-10,2018-10-22,-1.1400000000001,1112.51
88,0.0,1.0,-0.0,2018-10-22,-1.1400000000001,1112.51
9861,0.0,0.0,-0.0,2018-10-22,-1.1400000000001,1112.51
59,0.0,0.0,-0.0,2018-10-22,-1.1400000000001,1112.51
479,0.0,0.0,-0.0,2018-10-22,-1.1400000000001,1112.51
3782,0.0,0.0,-0.0,2018-10-22,-1.1400000000001,1112.51
425,0.0,0.0,-0.0,2018-10-22,-1.1400000000001,1112.51
379,0.5833333333333334,0.5666666666666667,-3.5280234332056596e-09,2018-10-22,-1.1400000000001,1112.51
226,0.0,0.0,-0.0,2018-10-22,-1.1400000000001,1112.51
8,0.0,0.0,-0.0,2018-10-22,-1.1400000000001,1112.51
1140,0.0,0.0,-0.0,2018-10-22,-1.1400000000001,1112.51
1772,0.0,0.0,-0.0,2018-10-22,-1.1400000000001,1112.51
124,0.0,0.4,-0.0,2018-10-22,-1.1400000000001,1112.51
37,0.0,0.4,-0.0,2018-10-22,-1.1400000000001,1112.51
1734,0.0,0.0,-0.0,2018-10-22,-1.1400000000001,1112.51
206,-0.375,0.5,1.0877179184214254e-09,2018-10-22,-1.1400000000001,1112.51
999,0.0,0.0,-0.0,2018-10-22,-1.1400000000001,1112.51
557,0.0,0.0,-0.0,2018-10-22,-1.1400000000001,1112.51
567,-0.2,0.4,1.277382130216074e-09,2018-10-22,-1.1400000000001,1112.51
12,0.0,0.26666666666666666,-0.0,2018-10-22,-1.1400000000001,1112.51
7,0.0,0.4,-0.0,2018-10-22,-1.1400000000001,1112.51
135,0.0,0.0,-0.0,2018-10-22,-1.1400000000001,1112.51
1504,-0.4,0.4,6.776658637901148e-09,2018-10-22,-1.1400000000001,1112.51
5315,0.0,0.0,-0.0,2018-10-22,-1.1400000000001,1112.51
16788,0.0,0.0,-0.0,2018-10-22,-1.1400000000001,1112.51
156,0.05,0.5041666666666667,-1.1074306056161176e-10,2018-10-22,-1.1400000000001,1112.51
59,0.0,0.0,-0.0,2018-10-22,-1.1400000000001,1112.51
34,0.0,0.0,-0.0,2018-10-22,-1.1400000000001,1112.51
148,0.0,0.0,-0.0,2018-10-22,-1.1400000000001,1112.51
761,0.0,0.0,-0.0,2018-10-22,-1.1400000000001,1112.51
508,0.0,0.0,-0.0,2018-10-22,-1.1400000000001,1112.51
127,0.0,0.0,-0.0,2018-10-22,-1.1400000000001,1112.51
173,0.0,0.0,-0.0,2018-10-22,-1.1400000000001,1112.51
2741,0.0,0.0,-0.0,2018-10-22,-1.1400000000001,1112.51
103,0.0,0.0,-0.0,2018-10-22,-1.1400000000001,1112.51
326,0.0,0.0,-0.0,2018-10-22,-1.1400000000001,1112.51
16963,0.0,0.4,-0.0,2018-10-22,-1.1400000000001,1112.51
1140,0.0,0.0,-0.0,2018-10-22,-1.1400000000001,1112.51
491,0.0,0.0,-0.0,2018-10-22,-1.1400000000001,1112.51
531,0.0,0.0,-0.0,2018-10-22,-1.1400000000001,1112.51
16412,0.0,0.0,-0.0,2018-10-22,-1.1400000000001,1112.51
19365,0.0,0.0,-0.0,2018-10-22,-1.1400000000001,1112.51
610,0.0,0.0,-0.0,2018-10-22,-1.1400000000001,1112.51
19,0.2,0.5,-5.350586524273678e-11,2018-10-22,-1.1400000000001,1112.51
111,-0.1,0.2,6.251737938888194e-11,2018-10-22,-1.1400000000001,1112.51
219,0.0,0.0,-0.0,2018-10-22,-1.1400000000001,1112.51
1140,0.0,0.0,-0.0,2018-10-22,-1.1400000000001,1112.51
431,0.0,0.0,-0.0,2018-10-22,-1.1400000000001,1112.51
224,0.0,0.0,-0.0,2018-10-22,-1.1400000000001,1112.51
0,0.016666666666666677,0.4666666666666667,-0.0,2018-10-22,-1.1400000000001,1112.51
1140,0.0,0.0,-0.0,2018-10-22,-1.1400000000001,1112.51
66,0.0,0.0,-0.0,2018-10-22,-1.1400000000001,1112.51
237,0.0,0.0,-0.0,2018-10-22,-1.1400000000001,1112.51
1140,0.0,0.0,-0.0,2018-10-22,-1.1400000000001,1112.51
2371,0.0,0.4,-0.0,2018-10-22,-1.1400000000001,1112.51
491,0.0,0.0,-0.0,2018-10-22,-1.1400000000001,1112.51
216,0.0,0.0,-0.0,2018-10-22,-1.1400000000001,1112.51
610,0.0,0.0,-0.0,2018-10-22,-1.1400000000001,1112.51
401,0.0,0.0,-0.0,2018-10-22,-1.1400000000001,1112.51
107,0.0,0.0,-0.0,2018-10-22,-1.1400000000001,1112.51
459,0.0,0.0,-0.0,2018-10-22,-1.1400000000001,1112.51
332,0.0,0.0,-0.0,2018-10-22,-1.1400000000001,1112.51
55,0.0,0.4,-0.0,2018-10-22,-1.1400000000001,1112.51
48588,0.0,0.0,-0.0,2018-10-22,-1.1400000000001,1112.51
317,0.0,0.0,-0.0,2018-10-22,-1.1400000000001,1112.51
150,1.0,0.3,-1.2672441768016605e-09,2018-10-22,-1.1400000000001,1112.51
3825,0.0,0.0,-0.0,2018-10-22,-1.1400000000001,1112.51
58,0.0,0.0,-0.0,2018-10-22,-1.1400000000001,1112.51
3999,0.0,0.0,-0.0,2018-10-22,-1.1400000000001,1112.51
70,0.0,0.0,-0.0,2018-10-22,-1.1400000000001,1112.51
1318,0.0,0.0,-0.0,2018-10-22,-1.1400000000001,1112.51
2310,-0.6,0.8,3.122489651639291e-08,2018-10-22,-1.1400000000001,1112.51
330,0.0,0.0,-0.0,2018-10-22,-1.1400000000001,1112.51
1140,0.0,0.0,-0.0,2018-10-22,-1.1400000000001,1112.51
2274,0.5,0.5,-1.6009518100260978e-08,2018-10-22,-1.1400000000001,1112.51
177,0.0,0.0,-0.0,2018-10-22,-1.1400000000001,1112.51
4596,0.0,0.0,-0.0,2018-10-22,-1.1400000000001,1112.51
1140,0.0,0.0,-0.0,2018-10-22,-1.1400000000001,1112.51
4596,0.0,0.0,-0.0,2018-10-22,-1.1400000000001,1112.51
129,0.0,0.0,-0.0,2018-10-22,-1.1400000000001,1112.51
1725,-0.28181818181818175,0.5606060606060606,7.674740272774241e-09,2018-10-22,-1.1400000000001,1112.51
1140,0.0,0.0,-0.0,2018-10-22,-1.1400000000001,1112.51
154,0.0,0.0,-0.0,2018-10-22,-1.1400000000001,1112.51
143,0.0,0.4,-0.0,2018-10-22,-1.1400000000001,1112.51
7719,0.125,0.6166666666666667,-1.6755960121624288e-08,2018-10-22,-1.1400000000001,1112.51
14,0.0,0.4,-0.0,2018-10-22,-1.1400000000001,1112.51
6,0.0,0.0,-0.0,2018-10-22,-1.1400000000001,1112.51
1,0.13636363636363635,0.45454545454545453,-1.745515395043609e-12,2018-10-22,-1.1400000000001,1112.51
31,0.0,0.0,-0.0,2018-10-22,-1.1400000000001,1112.51
57,-0.06787878787878789,0.46484848484848484,5.06486815185902e-11,2018-10-22,-1.1400000000001,1112.51
160,0.0,0.4,-0.0,2018-10-22,-1.1400000000001,1112.51
610,0.0,0.0,-0.0,2018-10-22,-1.1400000000001,1112.51
930,0.425,0.6,-6.678376811744751e-09,2018-10-22,-1.1400000000001,1112.51
0,0.0,0.0,-0.0,2018-10-22,-1.1400000000001,1112.51
139,0.0,0.4,-0.0,2018-10-22,-1.1400000000001,1112.51
1140,0.0,0.0,-0.0,2018-10-22,-1.1400000000001,1112.51
746,0.0,0.4,-0.0,2018-10-22,-1.1400000000001,1112.51
26,0.0,0.0,-0.0,2018-10-22,-1.1400000000001,1112.51
674,0.0,0.0,-0.0,2018-10-22,-1.1400000000001,1112.51
73,0.4,0.4,-3.289202663342977e-10,2018-10-22,-1.1400000000001,1112.51
1,0.0,0.0,-0.0,2018-10-22,-1.1400000000001,1112.51
636,0.0,0.0,-0.0,2018-10-22,-1.1400000000001,1112.51
85,0.0,0.0,-0.0,2018-10-22,-1.1400000000001,1112.51
90,0.0,0.0,-0.0,2018-10-22,-1.1400000000001,1112.51
2793,0.101010101010101,0.3737373737373737,-2.929224018393687e-09,2018-10-22,-1.1400000000001,1112.51
419,0.0,0.0,-0.0,2018-10-22,-1.1400000000001,1112.51
3111,-0.2,0.39999999999999997,6.9141741491879725e-09,2018-10-22,-1.1400000000001,1112.51
229588,0.0,0.0,-0.0,2018-10-22,-1.1400000000001,1112.51
51953,0.5,0.6,-4.329943220500997e-07,2018-10-22,-1.1400000000001,1112.51
120,0.0,0.0,-0.0,2018-10-22,-1.1400000000001,1112.51
440,0.0,0.0,-0.0,2018-10-22,-1.1400000000001,1112.51
258,0.13636363636363635,0.45454545454545453,-4.442689024907196e-10,2018-10-22,-1.1400000000001,1112.51
13600,0.45833333333333337,0.6944444444444444,-1.2025639363405004e-07,2018-10-22,-1.1400000000001,1112.51
138,0.0,0.0,-0.0,2018-10-22,-1.1400000000001,1112.51
23,0.0,0.0,-0.0,2018-10-22,-1.1400000000001,1112.51
90,0.0,0.0,-0.0,2018-10-22,-1.1400000000001,1112.51
476,-0.08333333333333333,0.08333333333333334,9.183215513872914e-11,2018-10-22,-1.1400000000001,1112.51
1790,-0.08333333333333333,0.08333333333333334,3.453352052485823e-10,2018-10-22,-1.1400000000001,1112.51
38,0.0,0.0,-0.0,2018-10-22,-1.1400000000001,1112.51
3,0.0,0.0,-0.0,2018-10-22,-1.1400000000001,1112.51
2465,0.025000000000000005,0.7583333333333333,-1.2982770932737834e-09,2018-10-22,-1.1400000000001,1112.51
643,0.0,0.0,-0.0,2018-10-22,-1.1400000000001,1112.51
565,0.3181818181818182,0.4772727272727273,-2.3836404196619326e-09,2018-10-22,-1.1400000000001,1112.51
121,0.0,0.0,-0.0,2018-10-22,-1.1400000000001,1112.51
1582,0.0,0.0,-0.0,2018-10-22,-1.1400000000001,1112.51
19,0.0,0.0,-0.0,2018-10-22,-1.1400000000001,1112.51
196,0.6,1.0,-3.267063966347258e-09,2018-10-22,-1.1400000000001,1112.51
3782,0.0,0.0,-0.0,2018-10-22,-1.1400000000001,1112.51
0,0.0,0.0,-0.0,2018-10-22,-1.1400000000001,1112.51
660,0.39999999999999997,0.7666666666666666,-5.622906010107865e-09,2018-10-22,-1.1400000000001,1112.51
117,0.0,0.0,-0.0,2018-10-22,-1.1400000000001,1112.51
543,0.0,0.0,-0.0,2018-10-22,-1.1400000000001,1112.51
603,0.0,0.0,-0.0,2018-10-22,-1.1400000000001,1112.51
2,0.0,0.0,-0.0,2018-10-22,-1.1400000000001,1112.51
277,0.0,0.0,-0.0,2018-10-22,-1.1400000000001,1112.51
8629,0.0,0.0,-0.0,2018-10-22,-1.1400000000001,1112.51
13250,0.0,0.0,-0.0,2018-10-22,-1.1400000000001,1112.51
25,0.5875,0.6666666666666666,-2.7202382089413464e-10,2018-10-22,-1.1400000000001,1112.51
321,0.0,0.0,-0.0,2018-10-22,-1.1400000000001,1112.51
3,0.0,0.0,-0.0,2018-10-22,-1.1400000000001,1112.51
483,0.625,0.6666666666666666,-5.590957680504979e-09,2018-10-22,-1.1400000000001,1112.51
898,0.0,0.0,-0.0,2018-10-22,-1.1400000000001,1112.51
3307,0.0,0.0,-0.0,2018-10-22,-1.1400000000001,1112.51
68,0.0,0.0,-0.0,2018-10-22,-1.1400000000001,1112.51
263,0.0,0.0,-0.0,2018-10-22,-1.1400000000001,1112.51
0,-0.09999999999999998,0.7,0.0,2018-10-22,-1.1400000000001,1112.51
206,-0.375,0.5,1.0730471573143099e-09,2018-10-22,-1.1400000000001,1112.51
4787,0.0,0.0,-0.0,2018-10-22,-1.1400000000001,1112.51
22,0.0,0.0,-0.0,2018-10-22,-1.1400000000001,1112.51
22,0.0,0.05,-0.0,2018-10-22,-1.1400000000001,1112.51
46207,0.0,0.0,-0.0,2018-10-22,-1.1400000000001,1112.51
6743,0.0,0.0,-0.0,2018-10-22,-1.1400000000001,1112.51
117,0.0,1.0,-0.0,2018-10-22,-1.1400000000001,1112.51
327,0.25,0.35,-7.94888331097882e-10,2018-10-22,-1.1400000000001,1112.51
557,0.0,0.0,-0.0,2018-10-22,-1.1400000000001,1112.51
3237,0.0,0.0,-0.0,2018-10-22,-1.1400000000001,1112.51
6971,0.5,1.0,-9.683121985291979e-08,2018-10-22,-1.1400000000001,1112.51
50,0.05000000000000002,0.5,-3.472644522052784e-11,2018-10-22,-1.1400000000001,1112.51
39,0.0,0.0,-0.0,2018-10-22,-1.1400000000001,1112.51
95,0.0,0.0,-0.0,2018-10-22,-1.1400000000001,1112.51
567,-0.2,0.4,1.2601532441625139e-09,2018-10-22,-1.1400000000001,1112.51
216,0.11111111111111109,0.7962962962962963,-5.309287624827365e-10,2018-10-22,-1.1400000000001,1112.51
373,0.0,0.0,-0.0,2018-10-22,-1.1400000000001,1112.51
523,0.05,0.5,-3.632386170067211e-10,2018-10-22,-1.1400000000001,1112.51
3218,0.0,0.0,-0.0,2018-10-22,-1.1400000000001,1112.51
54,0.0,0.0,-0.0,2018-10-22,-1.1400000000001,1112.51
270,0.0,0.0,-0.0,2018-10-22,-1.1400000000001,1112.51
659,0.0,0.0,-0.0,2018-10-22,-1.1400000000001,1112.51
213,0.0,0.0,-0.0,2018-10-22,-1.1400000000001,1112.51
6373,0.0,0.0,-0.0,2018-10-22,-1.1400000000001,1112.51
30366,0.0,0.0,-0.0,2018-10-22,-1.1400000000001,1112.51
566,0.0,0.0,-0.0,2018-10-22,-1.1400000000001,1112.51
1,0.0,0.0,-0.0,2018-10-22,-1.1400000000001,1112.51
37505,0.8,0.9,-7.501912289256363e-07,2018-10-22,-1.1400000000001,1112.51
791,-0.020833333333333343,0.4375,2.002920074854819e-10,2018-10-22,-1.1400000000001,1112.51
1,0.0,0.0,-0.0,2018-10-22,-1.1400000000001,1112.51
291,0.0,0.0,-0.0,2018-10-22,-1.1400000000001,1112.51
12,0.16,0.5399999999999999,-2.88035027237146e-11,2018-10-22,-1.1400000000001,1112.51
261,-0.16287878787878787,0.7348484848484849,8.678669602127738e-10,2018-10-22,-1.1400000000001,1112.51
1379,-0.08333333333333333,0.08333333333333334,2.660431553283771e-10,2018-10-22,-1.1400000000001,1112.51
